{"rangers":[0.1992324209310649,0.03263112588579284,0.002990991713509796,0.10904636634244672,0.10326439198202723,0.00427721417897098,0.06862366344712838,0.0034213601125865733,0.03525833769943939,0.01075391836912705,0.003888179494092175,0.09643773343502783,0.07223939646626484,0.0328559470617807,0.0636488515990038,0.004969024970534286,0.07145540499274797,0.0023264665202903387,0.0789449620854492,0.0037342427127155034],"sabres":[0.10571516683832598,0.018098445536990075,0.006436224830863321,0.12535704721605834,0.006346801337559206,0.005508094706083148,0.05554903964056673,0.0029848862833078216,0.0366306322004582,0.1960387778019881,0.0030426826935351686,0.13159451956150103,0.10725441509827939,0.028905794753717573,0.04034743137933346,0.006784625853544853,0.04881124270631603,0.008666191514841519,0.06060449462358821,0.005323485423141953],"caps":[0.17796731089515774,0.04475013746483867,0.003204658669583359,0.08789731028674258,0.0040494073432067,0.005735499912766894,0.05485741978334299,0.004484736002258218,0.036672428332248444,0.010254826547355385,0.00642112981149514,0.08378069370745143,0.07083737410045843,0.03408810629692295,0.0992274272254434,0.004521946216142928,0.05841742557171283,0.0336898617096583,0.17607932130115983,0.003062978822053802],"leafs":[0.11219330031570098,0.020248652614423088,0.003306778034655599,0.0797571511586144,0.0025934359165272966,0.13645679556996576,0.03911040145452675,0.003281235249352335,0.030847826687616618,0.06468214523045702,0.0027924851239795098,0.17148037702657437,0.1391988433052136,0.0342337096453428,0.032631495728962435,0.0039016027270793456,0.030008454265004446,0.003004146583466631,0.08738916681016685,0.0028819965523697237],"nhl":[0.13060574127990704,0.0753849054114359,0.009566514367174851,0.10306408951714059,0.006604574921502537,0.020520152181385126,0.12708660626563117,0.008865011197293238,0.02787514078095998,0.036970006048629184,0.009144990437461644,0.13431215576740263,0.06554014963259715,0.051005500919861335,0.03843841005229226,0.010135753444614913,0.05713697172469669,0.005842159674463394,0.07291884400324826,0.008982322372302768],"devils":[0.17730697720124763,0.02038133838093106,0.004196387368814042,0.0887532759845513,0.0044196836097839766,0.0064695827550695344,0.05205906452902347,0.0030892839463980072,0.02980275247328703,0.026851650028181562,0.002755690061743477,0.1282080503035697,0.10580321262071272,0.02668514460544021,0.07448839329630766,0.1292839080404342,0.04958538732868476,0.0019015788485451824,0.06583295581418858,0.0021256828030864643],"wildhockey":[0.1867774950344021,0.03172019823398556,0.08893441476207364,0.14328385180483807,0.0029289757771052255,0.005936197841497487,0.0760264889138242,0.004101036860783842,0.03496000536035741,0.010723963795234262,0.0027090016954885296,0.09964923440036903,0.07113006198412666,0.02993862920842221,0.06705253129439362,0.003793062869430804,0.05778687314495286,0.004902515554301073,0.07431472099830344,0.0033307404661103235],"winnipegjets":[0.1837089566275217,0.029796904723381278,0.00473284606895828,0.1268027494394554,0.002007387360755312,0.007206275224229946,0.043303069723792144,0.004259112633529247,0.015248671385140892,0.013185555695477583,0.002285262419589275,0.10556193348184238,0.07944126960747745,0.03475594030732427,0.04536743394159272,0.0038574744352022792,0.049318585052651694,0.1698957209108301,0.07570979347448348,0.0035550574867647252],"hawks":[0.17562196724861745,0.04213735547890941,0.004075777844654589,0.07564161391319617,0.002516237017637842,0.005906829864640714,0.058698753950562836,0.14514538628856183,0.04261781713072638,0.007577233101322477,0.0032037698021778398,0.10801308736961665,0.0937264801130325,0.037141905188274864,0.054754597386396965,0.00400690199718374,0.0528640326298755,0.004695533757055302,0.07819028400596587,0.003464435911590926],"losangeleskings":[0.2024414908499907,0.031821730703691396,0.003747650659116155,0.13383610946835178,0.004075948851699383,0.006267590832999178,0.08872557309496992,0.07312433726993793,0.007244926375018965,0.011152768356234329,0.005094088919796647,0.09447668266299224,0.06517963655933093,0.03480910037329095,0.09144820582014516,0.005761441039645669,0.06891622977812191,0.0031674401623123837,0.06375492881023478,0.0049541194121198225],"stlouisblues":[0.20953605309165949,0.03267852416485022,0.10598192911672412,0.0974115446008255,0.00345323791895092,0.0055358131718490486,0.06533615700907025,0.008519640525861114,0.024634751370210036,0.010260990824708972,0.004495615654251913,0.09901335079232035,0.07055878019259822,0.03454102744225497,0.07591449472862213,0.006300066164407954,0.07078277053634735,0.0030162596169221066,0.06855132099492306,0.003477672082642652],"penguins":[0.15104684935175308,0.044374264476193956,0.004860375869688051,0.09581367982257426,0.005144925453316542,0.004708580452603646,0.050413572471804065,0.0032923766028489,0.027634799665959296,0.011495570837441805,0.1286655564737808,0.11777798090316222,0.09151137090035683,0.02669502106310779,0.05758281493069265,0.00439766772168581,0.05708911972216069,0.00294610982741657,0.1124912902203829,0.002058073233070482],"canucks":[0.14765191774740988,0.03298447106199494,0.003333049722346159,0.0915204554745454,0.004036259725118219,0.006423321564211279,0.04478417722838331,0.0032342896815852535,0.04414631403370864,0.019167357300562744,0.0023215911173170706,0.13117729863477345,0.1043955751691845,0.03070949876276961,0.04029924571888787,0.0036619850272425394,0.04569728700845356,0.004863238913507277,0.10446564277668043,0.13512702333131765],"canes":[0.13221773600618664,0.024790303795287336,0.0070303438043100575,0.0788855650474378,0.004061114604262697,0.008747357677461208,0.07332216645052358,0.0028546650519360468,0.025401838881075653,0.028085137364165975,0.015216916098902427,0.09669978851973333,0.17344503137856396,0.02767182180677111,0.12472681444762396,0.0033948396664093368,0.029095723142221735,0.002270998519099834,0.14009678216844704,0.001985055569580144],"gg":4}