{"sabres":[0.026069316627274318,0.027143129089376213,0.07729441381244705,0.0492987676549443,0.03186315072873819,0.04014184261183028,0.04629387403747123,0.03952026054121911,0.031057189429767883,0.09196457992810063,0.07166165976195363,0.051543680487134674,0.12263556435839783,0.06019034823535679,0.04316523558236069,0.02695431371298382,0.028705871756760495,0.041972786773947654,0.024918049723382,0.06760596514655413],"rangers":[0.042680664391740016,0.025244431510920953,0.06730101842127771,0.0848188390711955,0.03068316210108191,0.028816608315620617,0.06709565248901601,0.11203114341507958,0.03151375229739544,0.05208959323237046,0.03379895409538552,0.06344527042604187,0.05138954665574762,0.056403067098507335,0.07424068967098954,0.028853797276708955,0.023434417963790196,0.04871505901327764,0.025845280077211125,0.0515990524766443],"leafs":[0.02796996139653726,0.020547452301295472,0.058815911228702396,0.053302220560830005,0.024848014043218347,0.02310565348471549,0.040404227946387226,0.033333289394384055,0.024844108012537034,0.04852186941251317,0.0827287384870566,0.06709441610827271,0.09187226206798733,0.07044286827776296,0.04273021407466742,0.02514972069734697,0.1403666700860805,0.029991587084954446,0.01954072347822743,0.07439009185652366],"caps":[0.03254346487176954,0.023844675309415277,0.057968295399826106,0.06585632028408128,0.02988203488522629,0.029720190294331213,0.07710699727695865,0.04046692975626317,0.03281342560465047,0.04678524455334027,0.034802093839190265,0.06643317545047543,0.0552885450682428,0.055795533485715816,0.06903294243625498,0.03594102013396394,0.024251999586200286,0.046922012053617346,0.12093323925260324,0.05361186045787542],"devils":[0.03281064650358596,0.02150770262921952,0.061589326512666034,0.07058323590412602,0.14966374098950724,0.025463089840562666,0.06943062150475396,0.034828147575661904,0.029258998576694787,0.04985935534392651,0.04565335609319902,0.056073584386161224,0.06559862103374117,0.06072336082978005,0.05977731389164579,0.02531775763709382,0.026742326186315002,0.03971650339872549,0.020135522400956528,0.055266788761678516],"nhl":[0.03735309365735413,0.032349210417250404,0.06331669236913541,0.06321490690644935,0.0397422097136076,0.034906884098381295,0.05529587836369697,0.04109454353764942,0.04259430581283956,0.08875375155829039,0.05189297249378007,0.053768151441303716,0.044607638765042,0.06477476772639557,0.05783113163482426,0.04629816351092862,0.0402772873573652,0.049849953616853716,0.034616862317637165,0.05746159470121681],"wildhockey":[0.03365398837620694,0.023528846464673903,0.07977647395278539,0.07412143881836421,0.028555402082282855,0.04342474862230701,0.06551582277015511,0.038215962252779,0.03469760140733405,0.04813996851547574,0.035057998945660356,0.06166906989045724,0.04925695576608305,0.054079802111566454,0.07075807212111077,0.028189060249223317,0.022774331254989125,0.11121081737202229,0.026650243185492924,0.07072339584103206],"winnipegjets":[0.031015621445816377,0.02345658195837754,0.06640067316092403,0.07186965658289682,0.02697263192414712,0.1832870311279795,0.05135297787274169,0.026143113932338733,0.030880051190531662,0.04473793388325833,0.037673165327965094,0.05932187107725699,0.051953022144477466,0.05497950858953639,0.06292157129440956,0.026706098458384786,0.025577220066323424,0.04316433193255117,0.023870829741394504,0.05771610828868951],"stlouisblues":[0.03553900256705713,0.023162511143139785,0.06540971152153068,0.08336938978001779,0.03177267592051175,0.028789208713610064,0.06768553413621427,0.03062315954467748,0.13624153891555116,0.049560958482666166,0.031291196063832696,0.06334040339492825,0.04999671409324688,0.05508582223738748,0.06906158328276618,0.02877113718724883,0.02300720580925315,0.048831942190284444,0.027610864792185368,0.05084944022389139],"losangeleskings":[0.03681652954120078,0.02866182628047396,0.07692546592593345,0.07849861362235129,0.03199048296489109,0.03549657843994583,0.08622050924757092,0.023460521104355078,0.033391534203560995,0.05560626640314138,0.03344284218613922,0.05429836679770887,0.0468754031443167,0.059912100094115656,0.08810071214497063,0.07409443560403328,0.026767823131999633,0.053147185529392814,0.02822795616223574,0.04806484747166401],"hawks":[0.0328260909310375,0.023742455324401446,0.05084580426734626,0.0692882421190311,0.027732477819295522,0.029587906029231444,0.06026154567928171,0.04387873473013254,0.03246184544617636,0.047535504496660094,0.031658069385384006,0.06319409355478177,0.05871706770450387,0.0634508647312411,0.07197996211080711,0.030819155623852377,0.021611828416390356,0.04198102890805615,0.14832139717222895,0.05010592555016162],"penguins":[0.02889864857871131,0.02080812747250049,0.06306809005251919,0.06766237089431462,0.028886095631772798,0.025080615408386422,0.058671083094678105,0.032407359682674386,0.03224546272805663,0.04626239991214254,0.036824663835063484,0.08733472890556275,0.06283184835045172,0.056777971760069774,0.057613937050047005,0.14875296839523797,0.019900912657281864,0.0409717969144401,0.023328994913864018,0.06167192376222612],"canucks":[0.03141639890204088,0.14517659367881292,0.05812275934173759,0.060875146982142796,0.027857775516994657,0.02714982759171858,0.04958458101354493,0.042542614618847924,0.028938260447136634,0.043029480936076225,0.04696644337402372,0.07788159971170526,0.06463295701255845,0.06070327151030902,0.06229128629858805,0.02773465946374576,0.02436237866031758,0.03845466963592503,0.020114489269826355,0.0621648060339496],"canes":[0.029191342675855287,0.0250417809555043,0.05095156442678886,0.059425567183633524,0.039453512047570555,0.03283120027520954,0.09712670254761678,0.03981150550889549,0.03569311851086888,0.05706695753489097,0.053558678855146265,0.07497825922853549,0.10183851839016779,0.046812276947582214,0.050511607407989004,0.04035396425700676,0.030296475322114592,0.036959172145864395,0.042190618409127086,0.055907177369631876],"gg":4}