{"sabres":[0.029455405625962928,0.053319056610010566,0.046444318920057244,0.02681845757517991,0.049476624168233584,0.05135504526642621,0.02690259433594896,0.12094989785893709,0.04519625385357242,0.03822065795618715,0.04263582694692935,0.044227636709637246,0.03993160681497749,0.030675778068889402,0.13529943053768229,0.059734129065211916,0.05615881623823406,0.029221769795166594,0.038167263782513845,0.03580942987024276],"rangers":[0.02710815322183094,0.0723435139886484,0.04223152150284216,0.03655466021010134,0.055076563762637316,0.05294101211150679,0.13386839879930607,0.05296437723694457,0.03602362100083377,0.051600542300556225,0.05411350319012434,0.06934048868487547,0.045373352465380684,0.022777415506206305,0.05595574245374853,0.056863674340261426,0.050571152853243706,0.026508242202946272,0.034981716518536043,0.022802347649471262],"leafs":[0.023323248198402126,0.043841423450210595,0.03791741268939173,0.023544916755779896,0.039740607891509086,0.051688088698932134,0.02139098423959126,0.10209600416258034,0.029561807216039643,0.040163982849071425,0.03465067441610402,0.047204721045288375,0.048794324075938485,0.019649108510475313,0.07100698059686296,0.07957698789087932,0.07169405046633952,0.02299586493558601,0.02994287374381458,0.1612159381672039],"caps":[0.025811098225383314,0.06956974141786874,0.04351905686973437,0.028482760603737004,0.04631182458432019,0.05260858245589095,0.030841221168717542,0.05681633853571753,0.04049962521079125,0.05794816120636046,0.1485610887634349,0.06648266824522699,0.05737022493181659,0.025243422115756954,0.053625024388247775,0.059197406640416575,0.05034756886240609,0.027521299894249868,0.03394875850860993,0.025294127371314253],"devils":[0.02407093537301434,0.06638372153846492,0.03837215786811889,0.028797486885242158,0.04747273369973036,0.04996246037742999,0.027417361573986138,0.07030586713633895,0.031438892275211835,0.04371776607964433,0.05257426385082703,0.06707414687594247,0.04198871863639321,0.02028304278613346,0.06229764934746041,0.06333970106819088,0.05438249109128809,0.024626825446200012,0.15555711088130184,0.029936667209082456],"nhl":[0.03397349165181034,0.06402970345712042,0.04488593662689215,0.03191917392750783,0.07804706274148594,0.04656131275311237,0.03441969362737319,0.04927304239365503,0.04467350645912389,0.07451291249712653,0.04905416978678372,0.04761212270737518,0.04584377264333549,0.0330060145699024,0.05988235976515015,0.06147160980745272,0.0777793882938977,0.0339810189102789,0.04583296014079569,0.04324074723982265],"wildhockey":[0.025186755900577534,0.07459910475793809,0.0446015878863187,0.028898787943979223,0.0651235601715576,0.04892668929813487,0.025629282864446327,0.05329228980736858,0.13829420415815552,0.051441716394483625,0.04902578130168335,0.07458221690242046,0.04092813388624576,0.025675381354289775,0.061591265419846095,0.058829108329362195,0.04881735930126766,0.028299027681917912,0.03275861046183227,0.02349913617817656],"winnipegjets":[0.027082800164052706,0.065730153444699,0.03023229978824606,0.028072125183056747,0.05095213663506158,0.059183991962758455,0.02478852197520593,0.05639733281445679,0.04108554327155191,0.05179261540969811,0.046377060038031395,0.06944515091038554,0.042756092038980564,0.15191789170001563,0.06263925462936273,0.057062911583180706,0.05185450588813619,0.027228020704363972,0.02874136907569438,0.026660222783062366],"stlouisblues":[0.024810983621755614,0.08089795615118309,0.034695556233971886,0.030101280301810026,0.054668864400865914,0.051184526617773146,0.024883045256446266,0.051287331056131855,0.035424054572482044,0.055022939123747706,0.053446261314422476,0.07869702116110902,0.046492291392458404,0.02687745237864584,0.05279162086838599,0.057308260237678814,0.050854782750596586,0.13281944751247243,0.03459533454254766,0.023140990505516587],"losangeleskings":[0.030107497119729813,0.07292045599819336,0.02673449937784936,0.031645020615742876,0.08601149093061063,0.053567042038432114,0.029171919604177515,0.04787035596895926,0.03692327247213617,0.05640027151617272,0.06323422283069773,0.07879519241358997,0.04246920300308881,0.027260270415003132,0.057750138531400264,0.0628988568059057,0.047472878467796735,0.0858021268519039,0.036459478330520816,0.026505806708090773],"hawks":[0.024435414082523935,0.06484819052305812,0.04774336408696709,0.028114651419497275,0.0506066407875172,0.05915443068965097,0.024551069695674516,0.06204382132016635,0.031963812303782924,0.06426048293541606,0.04806039247187064,0.06692566197668356,0.04337827517737154,0.14400413955582148,0.0448782060872149,0.06028463962694569,0.054457121292445794,0.027980840652377444,0.0304924894883283,0.02181635582668771],"penguins":[0.022081220265950666,0.06661715645763275,0.03739555618267362,0.027414137425332927,0.0499623385489683,0.06273789577887326,0.024306620748110172,0.06175308734365589,0.03087721446959843,0.05374735581384633,0.04693800705890443,0.058671335875237506,0.18581873743733007,0.020734118874124883,0.05402631986457673,0.06347707119127485,0.05267530021287984,0.02498561352645076,0.03527399038175431,0.020506922542825656],"canucks":[0.16237187379640755,0.052508510056292854,0.05011499350748542,0.0266452816771135,0.04539910116284926,0.05000391430919869,0.023788138191488763,0.07154916482846663,0.03238524694957315,0.055651021606549354,0.04277822173030441,0.057365560492018124,0.04691306533452595,0.0214917258340196,0.05635426706173917,0.06042514918320697,0.060314011932640695,0.02391428957369576,0.03309619394320044,0.026930268829225106],"canes":[0.025835841528475702,0.08209831778363547,0.03523123785406816,0.029298513527170437,0.0554419264681154,0.05647954796663185,0.03534108243393272,0.10671129870785985,0.03980323532415291,0.04289198382510038,0.06662869143335182,0.05058897445698132,0.0699798755651125,0.025090166476346414,0.06418592404060537,0.05546298698142129,0.05293092791109488,0.037796800750945526,0.03351451196636154,0.0346881549986363],"gg":4}