{"sabres":[0.01708985753329889,0.014287073416784353,0.0421882648542388,0.035767595298563236,0.031885576606011136,0.030293449022744903,0.06150758524104097,0.08709185822446741,0.06502639410772035,0.008008613141798463,0.0668855390146378,0.026928336464579858,0.027982815731739216,0.17019275269262218,0.005261888544101279,0.00337127030357372,0.00785008030138047,0.005128813390158761,0.006501527017867368,0.03853038564104763,0.0049890465364736,0.030105753585756883,0.007839241397985718,0.0896085199742207,0.009419092382567103,0.024707965537890775,0.042104833110716285,0.0063824662018074005,0.008134233329959526,0.02492917139424537],"rangers":[0.02710315815336688,0.011706185553273067,0.07979034302333234,0.053119800687232197,0.035579333884478336,0.02205825256780321,0.06810170061318951,0.045763668807438485,0.06168998832182045,0.0038958177140590404,0.11618582261832724,0.045877686952007786,0.029690138233144647,0.007576874330412697,0.004157170677321294,0.0036431033306007763,0.0033932753638539,0.010675409384909375,0.004270935316793661,0.05100213467758171,0.004623329872039802,0.018716548555681313,0.0037487016671981796,0.06623571884823916,0.007062485890084195,0.018946537701064525,0.049616739721018197,0.005384376290884618,0.12152126413872949,0.018863497104114585],"leafs":[0.017354893855435396,0.010756524082452291,0.04488708012671908,0.028750840590970755,0.02776462844114154,0.03009818232873443,0.07985937236593359,0.11029358764513575,0.042807039286174756,0.004730482956906103,0.06822087177226142,0.0191012540574244,0.025588755888936034,0.03404317516756453,0.003636765190582027,0.004345205947478824,0.0035274574335345055,0.005264519463718225,0.0028619071274908108,0.0365105600454066,0.1169259241261768,0.05329444996538916,0.0033665168549866674,0.12158773380650471,0.004699705429508207,0.0400114676218439,0.0355724479705217,0.0037162385079847707,0.003925181180207695,0.016497230762876087],"caps":[0.02609164375037182,0.010666539646401274,0.07671110896267311,0.06762675593521322,0.02546879930955907,0.02223105138887252,0.07666303203174801,0.05296534683999108,0.05337151583426143,0.005184491079933075,0.09123954938669349,0.05582546863223748,0.027732435213161453,0.006044502998086122,0.008185906523040111,0.003707552748522233,0.005448887769532514,0.005136335199829079,0.0031271698243872316,0.04735187687434044,0.004255717949773489,0.018220920384121698,0.006595498755388591,0.06963060302848607,0.0051488533679469786,0.023726816031417537,0.042741320054819884,0.12721595165192676,0.0071142432078597955,0.02457010561940497],"devils":[0.017773008720518825,0.015604792938923744,0.0722792295226641,0.05871672327879979,0.02946465402668968,0.02093002819779604,0.061047010024188296,0.07224161844242995,0.04758657937441967,0.005571985336007046,0.10420174195618871,0.04576859485514593,0.024375120056292384,0.019386172790965085,0.004351205985264291,0.0028117486798638026,0.0028732717704598484,0.006709457067686957,0.002603753798033084,0.04337678218807538,0.007621097927623053,0.02454411596214046,0.003466432038491351,0.08541278006811497,0.12099985989873698,0.02433861247976011,0.04562513903975052,0.005334047648076868,0.007198109687453462,0.01778632623943983],"nhl":[0.061743656004653404,0.022861806414453387,0.05182204686480173,0.040865817540989155,0.08166131118664272,0.03503192071409985,0.05754437949054372,0.03780109169998478,0.05792671779894405,0.007932315277978563,0.09227705335791632,0.027375793921236874,0.023191653951358648,0.02559237030655641,0.010761428017473667,0.009673245715092475,0.007738902255707016,0.00844084610096162,0.00922343911431473,0.03499745782662769,0.018695303050154103,0.03653832352730295,0.014283489727023329,0.08128011010220963,0.011372497518001979,0.04219145512007766,0.0388455306211131,0.010040892554639864,0.010071315204524716,0.03221782901461631],"wildhockey":[0.025032196667469916,0.010475393902394296,0.08505869481803494,0.045192342869880976,0.03300257751393697,0.02651151539364618,0.06758730795544123,0.042937671051305214,0.08740211169734675,0.006437222311248372,0.09933834200230203,0.04854153837174651,0.028332344306395058,0.008002365335399768,0.005485034561178917,0.005723350980443543,0.006014580930651268,0.006049930421216361,0.00390809693631339,0.04434771947538998,0.005524483180791835,0.017966181410122455,0.10976898264606376,0.07420416238572931,0.005827477276911292,0.020047719314908535,0.04517670660457199,0.004397900085946894,0.005693509783371524,0.026012539809841296],"winnipegjets":[0.023189852493744723,0.014076055372155923,0.07753629339656684,0.04313667637255995,0.029879271019130092,0.027110761084954776,0.07221685606622832,0.049921214090092925,0.06766508498602586,0.008005266899551052,0.09381277779493451,0.02978107476632707,0.012130966792869655,0.010076025041961466,0.0037290292397344814,0.00647626479676318,0.1528975168135728,0.007003242098180152,0.004524338192228497,0.046875829030194806,0.007227732556082569,0.022057247780039608,0.005444175158343902,0.06665239069479435,0.004981556665399925,0.024830976701587317,0.06422355235043434,0.004713674285654895,0.004598499603717469,0.015225797856169001],"losangeleskings":[0.02606490494773618,0.00968611474320683,0.09567628393762481,0.08194604910642805,0.05506733940985227,0.020515253780493646,0.05324830696905527,0.037399831940983654,0.08782238909316863,0.005674083819783164,0.11089182839930922,0.05762927750187965,0.003567627593619975,0.0061615035900407875,0.003769314898516866,0.006336205872926564,0.07245887692329217,0.006568484776850003,0.004243774092954457,0.047263998164255056,0.004628937599146155,0.018700927165117717,0.00532149192530317,0.06681258755031846,0.005869411832480033,0.021870035699367737,0.04860070504701328,0.0052110719930432425,0.0071377197840091925,0.023855661842224044],"stlouisblues":[0.025388029596763957,0.016469176867516935,0.08323669839607528,0.053312149010021175,0.03214414070951303,0.017510487579111392,0.06529578389697716,0.04341059686083727,0.0590463466766694,0.11224915857867457,0.12601454686277802,0.05046391387099364,0.018860149563371894,0.008199049623760342,0.004228837141821165,0.008759023581082182,0.004318817948752241,0.0066104069781908106,0.00375836609892686,0.05554688509896997,0.005768409954550878,0.017823046120356244,0.0073021693638816425,0.06967101256577982,0.007761290629447617,0.02010260456546528,0.049566196692153563,0.003960682667637206,0.00491974934801143,0.01830227315190957],"hawks":[0.034729266035495684,0.013871630702731412,0.07307446077826303,0.043505123835740234,0.031620518399603455,0.01905306285633739,0.06935834035512187,0.05905309163013184,0.035972121796690446,0.006122423153065836,0.10268964411834272,0.040075782540496464,0.039778712496803315,0.0047796833896017535,0.003869194500498407,0.14142446142518555,0.005477058117115722,0.006797641378719232,0.0036066171016558447,0.054938667661669126,0.005968362445033346,0.016631198495606014,0.004037345465089068,0.07227729431401629,0.005523882439288577,0.025444934104949732,0.053444396384533153,0.004866376609722534,0.005311782612579826,0.016696924855912496],"penguins":[0.0344745045025822,0.0114165814811921,0.059367628315598706,0.04339530106845147,0.02777619368318229,0.02016054800756702,0.10765606585616057,0.06221379958884617,0.047210425891807704,0.006282758753962061,0.09098949398918621,0.04142251941480923,0.020169374596637663,0.006799196293821075,0.12135346139546896,0.003317720972403898,0.0031060937330395083,0.006073675294250687,0.0029235209253934418,0.040328345022145724,0.00416787244110408,0.01949028563864574,0.0047217689812412535,0.08928109784129463,0.006965004373033837,0.02113588103327329,0.06312921050157222,0.008014096758138729,0.006390090316842865,0.020267483328347272],