{"detroitlions":[0.0025919395349300227,0.017824070725070668,0.003522878576590685,0.0026940405290991317,0.0160828734142931,0.017961519876604968,0.0020993140750459817,0.036482528823730126,0.003887905631867919,0.0035781512452930167,0.027720930351445315,0.007232827031325905,0.017114689347635704,0.014125284514986597,0.01304044394353939,0.09299166461949263,0.0473682709748318,0.06490276397576139,0.07516360710317403,0.013127076015196854,0.1595966629317647,0.004119960174652174,0.019680303497481823,0.0062929947718663,0.021219345063172846,0.0014668531263879645,0.002326928828135109,0.0027226016090715977,0.008999408667996159,0.0031759907406359185,0.009182212505770533,0.03274311913079028,0.013006077463525872,0.06649076625040982,0.003846055850215658,0.005084327858743296,0.05570047187252408,0.003197277926319415,0.004773030902417579,0.09686283051820363],"nfl":[0.00939910072652713,0.011989870244436547,0.013117430005245633,0.0052357027200653555,0.035641246816873785,0.024446754860075633,0.00665603492326202,0.019285328749713473,0.005885315970410228,0.005959539523192649,0.027572149939467962,0.021047947370914682,0.012485803380855844,0.007527585223609524,0.02482789308117445,0.0827070959024503,0.05801526593616679,0.04097053359687852,0.07367441731034828,0.01778358940727413,0.11406924702399619,0.01041599241628933,0.03998546149103385,0.015870953090435604,0.041609166669101465,0.003685046047208171,0.0050504836660788775,0.007469932025166121,0.01923410617282916,0.01231998784930644,0.006638640326522652,0.03446056160609437,0.025667140127785808,0.06164581252699826,0.014791204408587243,0.005002830648465509,0.059358421443447135,0.006689515683020673,0.007701171016467633,0.004105720072224128],"eagles":[0.0014233855176736874,0.014960197762874909,0.002971795438597957,0.005411623525799353,0.019105971542308423,0.02488455323641198,0.0023135322088132697,0.04177685177944663,0.006798391696666775,0.09890121926874895,0.02474854529013769,0.008280144105986114,0.009713132228280633,0.0020460252672673948,0.0030109431010288765,0.08428585396636337,0.05250968491884244,0.06283863458880629,0.06475242905431816,0.010655221222507338,0.1454725126608465,0.007274308080796333,0.02165329899786791,0.008042491874458843,0.029032673095218484,0.00920641539335745,0.0024557140602105864,0.0047247285513634125,0.010019876489494152,0.0038438583932971166,0.002211982988050225,0.045128194783898685,0.013239326459037833,0.10683167784363828,0.004700804040641395,0.0019563935890516797,0.03335636719645296,0.0039543263753031915,0.002867851245555944,0.0026390621605789284],"miamidolphins":[0.0026543238729138615,0.020207440624652788,0.0019758538822649543,0.0034936475728272907,0.015757855298135302,0.022167928363910107,0.0026285387047238844,0.05112867820276573,0.010634473059717361,0.008667531739826395,0.036066097142128065,0.01059950381965409,0.014359970932580087,0.0023696619099459653,0.003719708327918758,0.09050451852943288,0.050061271759284966,0.051177048926820824,0.05417550857985426,0.014206782953493107,0.14182559891804167,0.0032995362455409236,0.020415742032440506,0.005611143180336962,0.04044779032197907,0.0026195349952805994,0.0013811558800864295,0.003253152021777389,0.01386093467584046,0.006690053935253746,0.002693296689143951,0.049058490894324604,0.011580593997755241,0.1036746723260977,0.0036356911131350694,0.0018072834379022418,0.03912091847962253,0.07422031051857074,0.006082365670149613,0.0021653904638697847],"minnesotavikings":[0.0030530295634860222,0.020052083593772196,0.003141698478634414,0.011804019789412661,0.018144925625261883,0.02765849371521791,0.0029104294814033065,0.045462107489713646,0.0028846579050744252,0.002127115915022945,0.031144069759627756,0.008382941507333097,0.005462204385310612,0.019437611770827312,0.0029418037070863784,0.10439838052963361,0.05735176035538372,0.03131734913974941,0.052642913916128714,0.009656534748087513,0.12649777681719004,0.0037646655664403733,0.02464134508949343,0.006997736855921678,0.02920574572426712,0.0015620311446015518,0.0023098499269391033,0.00418731479398556,0.010703143715293057,0.002321773053626346,0.006312286790332127,0.050683412878036106,0.014375731449961345,0.09084016737791883,0.019514069989870916,0.075931184681973,0.061105090847233215,0.002428675824165985,0.0036205530409496494,0.003023313055632557],"oaklandraiders":[0.004036705027540241,0.01953588664127929,0.0030477139038849917,0.02021202811996424,0.02307606257829504,0.01946806405201239,0.005799124477792816,0.042588437989834534,0.0024112892496619786,0.001920484884881107,0.03541000985897839,0.008801000495408001,0.008494977038917008,0.0022598486940632535,0.0016096697129628806,0.10509913210639842,0.046223887525385886,0.044198280353892394,0.0424369824787597,0.03333312636203433,0.14456141569283334,0.011200595320627746,0.019012193198658076,0.005906078873305851,0.04286438687954735,0.0017187544721793731,0.002302140485950144,0.0021038393104953557,0.01022227300270214,0.0025140689004380387,0.06562480389768668,0.04907580130860854,0.014602367414239684,0.08357614395795762,0.008394537036348418,0.011045611667109576,0.04439712550693461,0.004809143931553323,0.0034209314881518418,0.0026850761027255783],"nyjets":[0.0030672909592139867,0.026360608821755685,0.003693140226750713,0.005130766048032962,0.026837981390758874,0.016974387667348982,0.0025596320567736483,0.043419227702556684,0.00269212646421562,0.002848983423755903,0.03035862020739435,0.009729695098794058,0.005817255299235011,0.00262518959258535,0.0035939524322393425,0.08401935678194315,0.05438206458757464,0.06324871992459513,0.05118702585780385,0.008998037304155182,0.14346632156637804,0.004833800228908112,0.017665891791718617,0.005458223680634854,0.04191404950496326,0.0011728675776536053,0.0020574696852626723,0.0022926996324311656,0.012214287362504855,0.010240804982435077,0.006648112041842347,0.060501211087747205,0.010619006967164073,0.09477480224226036,0.006124370385985815,0.0021724116261356697,0.041715332977679584,0.08337567439521835,0.0032319081175955426,0.0019766922979976907],"49ers":[0.003275675538450241,0.013931028789614146,0.10176249464902737,0.005163078486961064,0.024634927021789065,0.011370530000353938,0.0043635844537689835,0.03679935976488742,0.002712207800592633,0.0030821380892721278,0.02740857995260567,0.010850795953217508,0.013308191164902668,0.003150261969302764,0.004250076538387597,0.07966164332051426,0.04656184076895099,0.0916884124177738,0.08281057044322492,0.012392765228819698,0.14203895787083737,0.004187216718332757,0.02166905963848702,0.011256780471343257,0.028513260103832448,0.0014888461907027134,0.0021637852845530726,0.0029252485934120357,0.010717416258347729,0.002377882189541491,0.0032647476123228813,0.036137186210808254,0.01265489102583825,0.10336752074904663,0.004204173809478138,0.002197356999276394,0.024036830969110627,0.002495163501891664,0.003439887370875268,0.001685626079545364],"bengals":[0.0033447525224641673,0.021782921661959016,0.0020571281931615437,0.0062827118690101,0.01810298462661829,0.036143543270038346,0.008854983557864009,0.07914118448645033,0.002780243502050714,0.0020426790416618436,0.034394884691377164,0.009956626689185349,0.01113843104289602,0.0026024468529263246,0.005340681539847246,0.12568101631030387,0.06287910089154361,0.024360347482972732,0.05201593744988683,0.013396560285946843,0.15210749515902336,0.004152018010269756,0.017744386634055965,0.007530242376638298,0.02204362143035446,0.0017455392067073092,0.0014978407518061617,0.0037312072777847182,0.00780286698106081,0.004442077889999399,0.07375151493549893,0.03994946130156432,0.011624264748121811,0.050387245688098325,0.016191114445025988,0.0026955221801938448,0.050517133353678724,0.003936793277770805,0.0041683107941512185,0.001682177590031681],