{"detroitlions":[0.007135540137504015,0.0908096167399129,0.06823374616322692,0.0027435378603543944,0.0021438761320803678,0.21596412934976575,0.08088118402656232,0.0025293436959913486,0.11662270682026936,0.11166602953395553,0.05661035021713881,0.0028226230860117067,0.04944536487463364,0.0020018037621241424,0.04728196946617688,0.004656757900815845,0.008492651716301902,0.07742966979824725,0.047770291985364116,0.0024573107611811145],"nfl":[0.030297296427456454,0.07557500726858855,0.060688733200152535,0.034263833627138786,0.02405087865499425,0.06441931960516727,0.06462294019441032,0.023270033266213193,0.06492779360859975,0.09551723206954037,0.0664234759839258,0.02072640732776243,0.07872586968920614,0.035231013183590294,0.0786716574526582,0.04817332376301696,0.01760728665758452,0.0741122876621666,0.021316677983601658,0.01876293347569714],"eagles":[0.009912595442946223,0.05948086761916504,0.057551496867748485,0.0010619379689707506,0.0034184296857640334,0.10097960756698411,0.07563942866618324,0.0028788332973990307,0.10284802338803821,0.11335050299959598,0.06263035877649344,0.03521553117799175,0.0579065273645069,0.0017333057306432298,0.03904890860273419,0.007850809883112887,0.006976591974515518,0.13981874808120165,8.598246875710226E-4,0.11747444151888331],"miamidolphins":[0.11583676434794148,0.06943206509526653,0.07867596434170493,0.003118426009346511,0.0019215061406388117,0.09163639659605756,0.09025885505083316,0.0014374868644048838,0.10444446790412752,0.11080350850702209,0.04923987985919511,0.010721640100739938,0.061493738336668956,0.004696390743447449,0.04613589259893615,0.01006784397288728,0.004178270678540561,0.1334368162117823,9.264058618611319E-4,0.0052615301509832384],"minnesotavikings":[0.005249120741202204,0.09104160316582799,0.07193615975674827,0.0012474591117446288,0.0016646063047266724,0.05827794691413637,0.09166587352665467,0.006011241938486469,0.11851519163325629,0.1044680931140693,0.05146569501956235,7.826419287119556E-4,0.06625736989522486,0.0016247591960832815,0.05272114737673998,0.00515099300112223,0.01693438191752931,0.11907520089545014,0.13364223250471308,7.955280079370229E-4],"oaklandraiders":[0.011538804357558616,0.08527837549810509,0.07665318896049188,6.767049125354539E-4,0.0032362320215762286,0.07343728992084719,0.09931573813368677,0.12915600636531394,0.10489908359783744,0.10063413521015542,0.05514168994528622,7.027765179986871E-4,0.05329752557148079,0.0028799270013905023,0.05456361196598713,0.005752121253663939,0.02423989431312003,0.10844389815728832,0.0055580243093879735,8.070931984104636E-4],"nyjets":[0.13091784385285538,0.08434371971323323,0.06995020176007456,0.0011227420106245548,0.004021812979293124,0.08694579214800624,0.07981351081863847,0.006369560289411069,0.10079223205331996,0.1091974945289145,0.051386829618826874,7.698748967020126E-4,0.055439599231128255,0.007749956583539306,0.05397662105269095,0.008163164351534722,0.004912469284625277,0.13918134223195233,7.159682367954197E-4,0.0025021486410810923],"49ers":[0.011982765746543632,0.05211509270346241,0.06343060330577299,0.002977650536448951,0.17368070854144937,0.1127241075926115,0.07393103589531175,0.0026715375227614815,0.08328032821330945,0.11183256092777809,0.06657895266153986,0.0013215101230781262,0.05996984612282564,0.0021688296724783713,0.04359427757909096,0.007731650513726984,0.006779162021615742,0.11708661095835492,0.0013915202532502242,0.0014179157752568672],"bengals":[0.008985298371954362,0.095614431993504,0.0981893868492404,0.002491496214655568,0.003894186452622073,0.04584692298407847,0.10382267696780877,7.972356799168322E-4,0.15526666186727742,0.12781215942401772,0.05784444653850577,3.397145627694718E-4,0.044753846443659415,0.0034068640317190756,0.06057664502517807,0.006771936847743608,0.007199728543262791,0.06955388401203463,0.0019085594659414636,0.0977382889815957],"cowboys":[0.0013238776821476418,0.07208406453140467,0.05384011033170104,0.0028986694841106114,0.0025242935049156934,0.0901699379212415,0.08490712485301503,0.001765374761103126,0.11040184132900316,0.12590366997864633,0.09665907388092246,0.1387981095933116,0.04670359661922632,0.0014385608356136475,0.041508607859923066,0.010359886827601389,0.0020401636791841263,0.10978944071308662,0.001346847196841362,0.0019309791862319266],"falcons":[0.013810565329270651,0.10233886544999787,0.0863176154275041,0.00429462342837488,0.006732503352892868,0.0770702799301822,0.08911760539395741,0.10228497873989,0.10657719377197106,0.10887601675332936,0.046177001224368255,0.0018915159702215048,0.06136146139598161,0.0033760022240884317,0.010202766216481026,0.013141808785656154,0.004263359655805383,0.15634834596871947,0.003070401399248907,5.444464102530691E-4],"buccaneers":[0.012171520607206566,0.08767797028876834,0.055560195216077066,0.0021797337286202255,0.0011337899933550717,0.08756343592784172,0.08570924859948553,0.15922248542975995,0.08040821961271781,0.10005581849126342,0.0574764101571988,0.004856591246776983,0.06697848258331089,0.0014518990060821617,0.043289379521501435,0.010606195351458451,0.010889311243021971,0.12412846437933162,0.0017003247967381388,0.004803771682732122],"steelers":[0.006812525383135563,0.09920406767015989,0.057790370863811176,0.0016655177168901794,0.006811699808277119,0.06982973881666223,0.08773831962800002,0.0042901797093394724,0.1117398224197067,0.09890995185969995,0.05870282698440144,5.659597327101918E-4,0.05912844070121005,0.003722071171742235,0.20205960934828257,0.012681772369965743,0.008118368020471868,0.10209888649327656,0.0014480088369621372,0.00668186246529542],"panthers":[0.011721091676369077,0.0946759050127555,0.08846186646725607,0.125649079226704,0.0031925343835046034,0.05574274892366531,0.07824653357822862,0.0024858683821783745,0.13989818956023234,0.12009137822156876,0.0606452686141034,0.008569470520258126,0.05989667237072578,0.004562064215947368,0.0420539375418147,0.005947353144485369,0.007334040571763438,0.08174229678547716,0.0028784361473100056,0.0013238141675076512],"buffalobills":[0.1092374466553531,0.09542977436181516,0.07236799029241285,0.0015661931122734336,0.0019077126741285793,0.06198317873015726,0.0791790093770463,0.0021648280414518642,0.12655239703539814,0.12458191842854906,0.050306593422351824,0.0026737969945524586,0.05078378291027443,0.010362148502897088,0.04537950455614008,0.04958899645679985,0.011429645150306807,0.10183865055756158,6.369394286602023E-4,0.0020294933118701814],"gg":4}