{"sabres":[0.0038883763853577147,0.01573835797849368,0.014720434211131674,0.050411201639518136,0.002402223344968343,0.029143164448186976,0.1953094023846224,0.043132810645091196,0.0022921442350921136,0.1220628382055457,0.003560940176567572,0.09950471965130439,0.0768946388490094,0.009717104596203093,0.0751301088191703,0.10013430798020002,7.101239288602249E-4,0.024382852994242907,0.12656703446207224,0.0042972150643618735],"rangers":[9.175468537063023E-4,0.11421123415317536,0.0073654628428082534,0.10794209392092445,8.127835922518474E-4,0.027694170458260566,0.003059932023734248,0.08741413391776366,9.646870973654929E-4,0.032576857121060204,0.0012740976003712962,0.10561538489136243,0.07286082776997625,0.013704898751639083,0.07315118418270006,0.09836942602036522,0.0013027952669471075,0.040149466575589675,0.10131392140925179,0.10929909555074796],"leafs":[8.947279871084116E-4,0.055867942232591734,0.006115136402622869,0.11612379987725414,0.0012735300238771842,0.02387813887961547,0.07342865316590594,0.051868369893947275,5.024402131123158E-4,0.1145994934897461,0.14207904090799742,0.06299108207922775,0.061821145124238044,0.05167172465605003,0.06028162594183978,0.08835052201138961,0.001169869987999361,0.014137682906570505,0.07230064603564176,6.444281832630399E-4],"caps":[7.618712334179484E-4,0.11165320964113987,0.16045685279805738,0.11921803339129353,8.469059144939175E-4,0.028615505373681183,0.0034858359485156294,0.09137877062524392,4.4587676338951246E-4,0.03540225461721746,0.0013674517241863172,0.015541436336225537,0.08914297781399144,0.005725882202074439,0.06883360770555261,0.10282793439998526,0.0036617255890541984,0.06505900990081737,0.09392192796996143,0.0016529300517010227],"devils":[0.11324598823201357,0.08776267621896462,0.004433938304817755,0.09805174297480847,0.0014826285038000298,0.023457933158846034,0.01742373596100726,0.06614345964974651,6.091139814261137E-4,0.08809186229556135,0.003958302444151961,0.08793751059316059,0.0607040086280824,0.020655217318389346,0.06478119834593207,0.0974557456631726,0.001073407204743496,0.07458579277284758,0.08632626386806681,0.0018194738804613155],"nhl":[0.02726063558130277,0.0567715266985815,0.03325803637494114,0.07385303456644383,0.02426373415537671,0.038769951858611,0.042990057923555876,0.08874106481822293,0.023443792469872368,0.04429702190018861,0.03474901118627006,0.05284316430076925,0.09170086446082491,0.03750346795847218,0.06131269069571962,0.09594354589974104,0.025087716786470114,0.03946175055698297,0.08544560985013748,0.022303321957517],"wildhockey":[0.10589499842136302,0.10891058556823667,0.008859929971760199,0.11393458793024563,0.003112159896170705,0.029626559416761167,0.0036698407546293613,0.08035599304498739,5.839300850910709E-4,0.028389077753662947,0.0017770210426289615,0.08739207742469766,0.07962368139164427,0.011537795589274482,0.06423078124475151,0.09713576159259012,6.173712797180231E-4,0.040340748520102776,0.13216946052628262,0.0018376385454025536],"winnipegjets":[0.0011199999546678782,0.09579737685237624,0.006452107658626643,0.10803527302109399,0.0033901800760877923,0.011348572817585246,0.005660123265655517,0.09606517484427134,0.0011182643865214436,0.08036781659086957,0.0028483688621416875,0.09761071558863578,0.07726670411048449,0.014490419509626293,0.05275679587363281,0.09136002756769454,0.0011095556347760253,0.021372740280674263,0.11805182790475181,0.11377795519982728],"stlouisblues":[0.002083795710864096,0.1052687691923328,0.004666985435503943,0.10023623817227487,0.11207508515453252,0.018157937286355307,0.0032067239730727668,0.08601929833044739,5.50262752213448E-4,0.02847414525152709,0.0020890934747446756,0.1049822708843077,0.0758003104479668,0.013253830714806533,0.06108741538369614,0.10451747189695872,0.002845259105397848,0.07519623510885362,0.09811301617089163,0.00137585555325254],"losangeleskings":[0.002363944254118942,0.11454920252950652,0.003563918805306404,0.09873043025857464,0.0021598862108317602,0.002196603596194917,0.0036582013324567633,0.09879611467980545,0.0012708379633546646,0.020707709040762533,0.0026270772028326728,0.1100665628860039,0.07253995162422643,0.016220643036553458,0.18467154398873473,0.08991783642474717,8.873031659345354E-4,0.05597431527736673,0.11821226465280012,8.856530698874663E-4],"hawks":[9.064099401291333E-4,0.09281985490739805,0.0037197565450986883,0.10827757581093711,0.14984431296115353,0.03630682901828564,0.002115637350271198,0.07489623232285271,8.431392881351903E-4,0.04494397477163154,0.0014257153262967738,0.10124810000634502,0.0875942157238889,0.018530368165639053,0.0647876779800929,0.10034751709937748,0.0019642264312016394,0.031141818980634495,0.07649841201961585,0.001788225351015463],"penguins":[0.0010888068125809824,0.0756147851640534,0.005407016151721519,0.14244494197800564,0.0014635287002625315,0.020091314904908352,0.0036089721217511302,0.06914590641800354,4.8101721566142603E-4,0.07714947027872003,0.0014699288898620657,0.08812810175708367,0.08623783065663011,0.02127526262593243,0.055167326446237445,0.09059762332012962,0.13680781756236887,0.033434657234855725,0.08806721491873541,0.0023184768424965286],"canucks":[9.429939917950564E-4,0.08252917836709849,0.0024892593689669405,0.1372872692406474,8.086769208854446E-4,0.03796183700682898,0.009623422297569916,0.06417933977212674,0.13984633880483469,0.08961102359879103,0.0027545208569525743,0.08321381845808563,0.07806534248759384,0.016931483677243963,0.055827737163731815,0.09186909602557145,9.733620024758627E-4,0.02132185468455141,0.0818724428383489,0.0018910024359010493],"canes":[3.2258179764148114E-4,0.11134042088049381,0.09660948944061953,0.1522557443700679,0.003053109885005733,0.017127298123505934,0.019184112874099518,0.04923269740981322,5.982937436591028E-4,0.15167059793442514,0.00323510058638711,0.010217733839880281,0.02085626796298956,0.013215911147163046,0.026970699311492364,0.11050475286389874,0.006920017284662121,0.09645106762276973,0.10289195826789797,0.007342144653527799],"gg":4}