{"detroitlions":[0.013081450174653477,0.15049050963860122,0.010390720998553236,0.030489149171943064,0.08113352675553395,0.08097939681019775,0.08819545923052587,0.09050577483122985,0.015696360635270096,0.03232729840942585,0.019238464053556337,0.07663582130161152,0.013720094900003506,0.12283199325983259,0.015418729324396923,0.010703584557353037,0.02256343360312408,0.012922409990185063,0.011148870671414771,0.10152695168258821],"nfl":[0.018438851061655964,0.02192619650765448,0.018925749484673023,0.06517798886541333,0.08303366777569421,0.07460830270473698,0.0855684368256661,0.07099754698631675,0.019200689486203338,0.06646186918198049,0.030300045348353583,0.09479473751757903,0.018088798492492508,0.11348451700850777,0.024240202944893614,0.01558102034814208,0.05326438186295369,0.02466394101126676,0.03653450966670372,0.06470854691911151],"eagles":[0.005834842852583132,0.010068267064277707,0.009006007059218796,0.0357902285277549,0.05187948037050002,0.07202028124911149,0.14741003267779082,0.0936262503983543,0.1597314509649722,0.042960361159717436,0.02466820233331153,0.05060609791556331,0.01006398375874552,0.12493243514912057,0.018537252904211775,0.010946747563978256,0.024416261498782232,0.013746850686387495,0.011012335183957717,0.08274263068166109],"minnesotavikings":[0.011099653373178505,0.045092378986172924,0.008467123525298149,0.041721574668461096,0.0831198093319719,0.08510519735703242,0.12690384180767023,0.11184134460824126,0.011904463188908808,0.03943164435232361,0.018951885758350464,0.06811218473776805,0.12412495900165801,0.08957094981903665,0.01192378531835634,0.024244298033192477,0.031431160805599136,0.012826968853258057,0.011228938377876797,0.04289783809564549],"miamidolphins":[0.00747535545671698,0.009856115699638129,0.026846651060054166,0.03309235985814131,0.06925730424368719,0.09550861107545615,0.14250263958552956,0.11570404597878807,0.02689935396144896,0.032697316756522446,0.020283476490269122,0.049605353338944655,0.008062730575981857,0.10424559165355399,0.022705705501257237,0.008708628083068128,0.031322665131379594,0.10267461432113131,0.020445940678847994,0.07210554054958317],"oaklandraiders":[0.011249370478412846,0.014489590613099786,0.01513302508495208,0.030630084065454536,0.07653476311975183,0.09838824725993797,0.12430578468905454,0.11452426079737633,0.011116137036277675,0.04110028456393613,0.023610913341345786,0.04902815364060712,0.12509339272998946,0.09175337390608064,0.01371513949322566,0.03246927774809569,0.02469537472839019,0.021403926882997543,0.015255031445681435,0.06550386837533312],"nyjets":[0.011630152030400789,0.011406904250843954,0.12410687082481651,0.02872650442439821,0.07260600115761312,0.08783217175600266,0.1456492529386098,0.11598788705044127,0.01355576999566919,0.05166311802729585,0.019165813543448165,0.05414867832556707,0.014087306091625468,0.0836934156369199,0.009399120137248933,0.011771327031527147,0.032011735019268135,0.016361977848158595,0.02025445597618748,0.0759415379339578],"49ers":[0.007213501722640342,0.011017805041891452,0.142309919314558,0.03217187054636384,0.04369957085623603,0.06937429533149064,0.12999330405999238,0.07933671055988827,0.010238588045455691,0.043380600971312834,0.019625149182445092,0.05587231694761978,0.007941263535776934,0.14178248752705128,0.012193434032212973,0.015431794166764132,0.02708914527263301,0.017837028755819547,0.010256969362954201,0.12323424476689365],"bengals":[0.1306413630593592,0.010249938102706652,0.008540732104188112,0.0252396004335631,0.07968194564544745,0.11387046357357182,0.07028474523367198,0.16724083215279587,0.011558170573841384,0.03424789875389044,0.021045098072045798,0.06998870467139497,0.014609838911117723,0.11043694342351655,0.0143845678570892,0.014038739661840313,0.029996218110046845,0.025926589168551943,0.014698420542608443,0.03331918994875232],"cowboys":[0.007110191379158099,0.011033591129426656,0.01010565967105732,0.026310854068888195,0.07283293008290591,0.09350572120977271,0.1150301403448256,0.09993364344066416,0.020147495731739802,0.02943551949949722,0.05594443804479944,0.05927071153390453,0.007915590051862624,0.12130788974248159,0.1169739475176442,0.010069416817764987,0.02899682786004369,0.015132679576004393,0.010545107909496372,0.08839764438806309],"buccaneers":[0.00729807746082126,0.006437526012774454,0.00930445373144936,0.043405603325803656,0.08249086884799084,0.08706933520606253,0.14738108191763244,0.07992640737186403,0.1441686365649063,0.04027505932513274,0.02346401318072369,0.05244638847553271,0.010380893576379944,0.09358880542137737,0.01855605286993658,0.022268178769828957,0.03187311094497289,0.01082830663790808,0.008578565110106148,0.0802586352487963],"falcons":[0.011094732401318605,0.014565952447535356,0.014210558325355388,0.032798667736211685,0.10461617574613069,0.07518268391865124,0.1706112083238489,0.1353431368717179,0.018075208447699668,0.04286872981564784,0.018464866038258778,0.043883796273927654,0.013211258994086513,0.09452088628899713,0.02131582541888678,0.06863507766025251,0.03610489996138121,0.011789781915030929,0.010066323019338337,0.062640230395723],"steelers":[0.03623734907545947,0.013207516422430485,0.010476545699529894,0.03285319046871396,0.08594216788026576,0.08697145166692936,0.1107303456250022,0.0889334086773715,0.011546603242987952,0.0710610861676924,0.020774350849821977,0.05468268351307653,0.012211131744703774,0.09114585587811168,0.013118493755098923,0.012434742414406397,0.039479293254243285,0.13008510116633,0.013215915758218906,0.06489276673960584],"panthers":[0.013693905560816306,0.013576877936549039,0.010368131974968914,0.03665581683666293,0.08456141072767999,0.07681270760304401,0.08670681163092271,0.1524672726202575,0.010688474798293324,0.038764725323921584,0.021950428124097338,0.07189691140956181,0.010870255790922339,0.1188434314553081,0.13732100056628707,0.014681005781534326,0.025984748634208212,0.011731781781014628,0.017836217786362338,0.044588083657587846],"buffalobills":[0.014819226953703961,0.009104632015418382,0.1026962355842973,0.02822220209449341,0.09547441955646563,0.0826220514413378,0.10901675699817796,0.12144858588876366,0.013551143991008999,0.03370895077894475,0.018680825258660227,0.06434451440560826,0.009757869259121211,0.11832128171410049,0.015582705260915179,0.017119675912270343,0.04942801192429571,0.016637590079144393,0.027359412998307533,0.052103907884965085],"gg":4}