{"detroitlions":[0.039136468670196864,0.040033155978711196,0.0018259147969337856,0.001515867479483713,0.06594693754555221,0.0037317577023135316,0.0032590561977822517,0.0011012640334738233,0.0015704702353803394,0.12376086608756805,0.0762902121719425,0.0759518400967999,0.05484608969787814,0.0014126406378978532,0.06313402737636048,0.07763917966559968,0.08741326201850132,0.06679987912244968,0.12466039322947742,0.08997071725569794],"nfl":[0.0701034152763964,0.05346607830736437,0.03316822733691804,0.029981690418557836,0.05651355932657321,0.03182058043312822,0.018885079069930834,0.022257720448022288,0.019206817453447548,0.06100795895508081,0.07329355096577381,0.07245907369046309,0.08913938252369073,0.028771271804255854,0.05004754686026823,0.054294170511963974,0.0886371639709387,0.054707409147077744,0.022054933276239398,0.07018437022390839],"eagles":[0.05235460053868806,0.05042926933012381,0.0016027495443446218,0.00780819603407311,0.0696746615686948,0.005650338770234389,0.11740105538018657,0.005517747570437235,0.0040768038257886574,0.10113935933462995,0.11865480779465203,0.05429028571512619,0.04650510584899995,0.004662796774363103,0.058999001540387445,0.0687307350326916,0.09162907019961597,0.060121765831771465,0.0013217951798152753,0.07942985418537676],"minnesotavikings":[0.057964166796341164,0.03976005470729038,0.0011556194735998309,7.106993748779983E-4,0.0467992247112162,0.010719920306286199,0.09143799840910782,0.0010497488590140364,0.001780908337754076,0.0462447334424698,0.10072920826963554,0.08244319527097638,0.04707343363844473,0.03530194258396711,0.062334186312471944,0.08967414952450091,0.08694971640305611,0.06750357874846144,0.05260508524726635,0.07776242958326354],"miamidolphins":[0.04925047900671344,0.03462147222009684,0.0036482130807768375,0.009010938065890477,0.06948521586076246,0.010879553735515584,0.005566052424744748,0.0018454751648728396,9.323869211129536E-4,0.0798041446295528,0.11848615277458717,0.07089744853133112,0.04129100164384144,0.10630902868386966,0.07341314805986118,0.08621098700809648,0.08262274866478926,0.07160276024684362,0.0016862025112748399,0.0824365907654663],"oaklandraiders":[0.04329382206758639,0.043331695716932773,0.0034755225767015016,7.021276003490485E-4,0.07354899586377475,0.0234642741539636,0.09603863712664136,0.0012549224638826433,0.001827284692911758,0.05042931088006002,0.10242907214431238,0.07625688744907531,0.04734467544107368,0.03064154986631133,0.07835970766679388,0.0757119776631636,0.08331622914365612,0.07392765340146952,0.002824158297494292,0.0918214957838472],"nyjets":[0.04517990898534511,0.039152203108540534,0.007269444558934525,3.0519438892066727E-4,0.16639599979638578,0.030388378609164057,0.0029772646066122017,0.003385429048416879,0.003564952181886623,0.053760743543750766,0.10944785453466002,0.07564319133212494,0.05063945095251846,0.031936456307103143,0.06535699355579858,0.08433155653332702,0.09255972426775541,0.06377813158326766,0.0019050057253892237,0.0720221163800987],"49ers":[0.050552556181919985,0.049202322536736016,0.0018542760315648065,0.001917685632380685,0.08193901945121868,0.007140878069994056,0.0018339199890897524,0.0018009403986692931,0.1367130942275303,0.1109050344312958,0.10325601289667981,0.04147151831263626,0.0532602209339008,0.022807886410189007,0.06082390289088895,0.061557291194630104,0.08983225673389783,0.0567495607393955,0.001894898592652301,0.06448672434473075],"bengals":[0.03474674356793306,0.04366575893556844,0.0034111146519622917,4.080079842094331E-4,0.03956723518607718,0.006528094055230799,6.356747623409288E-4,0.1232748901882407,0.0013260120880821077,0.046192230266161136,0.06637547903162987,0.07363521531230455,0.045369188052017714,0.03923546811501437,0.09360888246877988,0.09847815601929792,0.10390871878478423,0.07252955042630757,0.001061621504325404,0.10604195859973338],"cowboys":[0.03475395063467389,0.08402042793868778,0.0013587726079681243,0.1010144580433337,0.080244958336657,0.0022366051387260563,0.0031160516939867703,0.0010634913996920806,0.0013186846397723014,0.07364822821960605,0.0977535100733104,0.07203823057925571,0.03962960138392953,0.02701991006292397,0.05282011931307143,0.07306773314177692,0.10110821255877266,0.06824183689583056,0.0011409648437356124,0.08440425249428983],"buccaneers":[0.05861276646303789,0.04274197634182351,8.266788043946818E-4,0.0028753161863306607,0.08025834584263446,0.009366012241641531,0.0037636001796895217,5.721895192037169E-4,0.1263354705842509,0.06036959252749798,0.11312782609385516,0.08692358856541861,0.05178754291972998,0.001142699054689,0.03927810588429689,0.07434097705783231,0.0751369860930299,0.07971408636162333,3.9190287971552554E-4,0.09243433639930475],"falcons":[0.05463746564738673,0.034501495893298345,0.0012308773389847186,0.003308757364791949,0.054828716650409726,0.0081340229563831,0.0018253652528258163,0.0018521114240692765,0.08878893912710395,0.06895510225475203,0.13331220512215722,0.09147096330051767,0.0497914798545957,0.001796553152985254,0.08194154869051747,0.085300078462678,0.07844441531350606,0.07290695938059608,0.001722454256004357,0.08525048855643669],"steelers":[0.05460264227447007,0.0460356922265835,0.003776008486118451,8.029618674224278E-4,0.07283838132321108,0.00936678954783493,0.002120272238311695,0.04214862432555299,6.482911142085134E-4,0.04941686142059718,0.09496431161942503,0.07657559766103106,0.0703616890194529,0.1245173045841721,0.04899365023069218,0.06997619892396287,0.08936049881195175,0.06274741085871964,0.0015491501640730945,0.079197663302209],"panthers":[0.051755679564786404,0.04892448043755644,0.00446025393592465,0.11046481154916675,0.04668046056328381,0.007766399002533085,7.242640811369294E-4,0.0016476697969931055,0.002263680531467828,0.048826273338402754,0.07661125528906224,0.08536532087686177,0.0489499259620362,0.0016648264438285886,0.08935917279350745,0.10817886233953256,0.09855960236790937,0.05987565060018939,0.003971223922719264,0.10395018660310243],"buffalobills":[0.04069278323698777,0.041914706549744676,0.029164729294942553,0.0012452964460153313,0.06592358328316923,0.0976213151529423,0.0015117818578536852,0.0015470909222653523,7.238242664803642E-4,0.06138136175271061,0.0870817923057933,0.09399580046731108,0.04432869336417338,0.02622966126469656,0.07089787286380814,0.09033679849972916,0.10035949598799211,0.05866742223720553,4.954098693357937E-4,0.0858805803768434],"gg":4}