{"detroitlions":[0.0809909008601207,0.0305810788194176,0.02986259109592635,0.02210472487935288,0.06558195345944393,0.1482637972274719,0.0040604963046926325,0.03362392722503094,0.06921311212199917,0.04195902317210374,0.0029810994181073275,0.0010002331151484287,0.07740682412019842,0.07033234341192024,0.0370716068920077,0.012468754135435195,0.07355494660494234,0.06918427298349737,0.06799451725773037,0.061763796895453436],"nfl":[0.08030186591254117,0.05983057299644337,0.05600753881858635,0.025280514502306433,0.05878620329512324,0.02441953115641411,0.02349693953123778,0.04224151543645856,0.06854720479423344,0.023658125040289493,0.034143835014302897,0.018378149490967405,0.059242597941079514,0.06182323490963726,0.07166240704048583,0.05009959266589321,0.06094355263411681,0.046724690898046206,0.08191958481849503,0.05249234310333998],"eagles":[0.05409424343411801,0.04260430695822327,0.027081026712209973,0.050021635343437426,0.06359325054844603,0.1472495966879826,9.176353326500922E-4,0.03585317306960093,0.12124465414454856,4.3638128435200576E-4,0.021233552959425802,0.003049850357995421,0.071156003701274,0.0625627265058333,0.03548925693258117,0.00668351105884933,0.06373878688888826,0.05748190308265421,0.08039689962429716,0.05511160537263312],"minnesotavikings":[0.07455730689300812,0.04035163808125085,0.03567103214499001,0.023008021027199003,0.041105823685174764,0.0013445764106202926,0.02575895250284683,0.031265404728808406,0.10302189854828461,0.13888257522157033,0.023867054023046,5.821216734389374E-4,0.049505345885225795,0.07663219813410274,0.043040647637220535,0.014203377190944723,0.07043822486236344,0.06426991908228823,0.08361295513386409,0.05888092713375361],"miamidolphins":[0.0650721608948463,0.047436265285552386,0.034242215258154185,0.040714970312445996,0.05375864045660634,0.028415258561832527,0.0037161694628270545,0.025995214712599708,0.12478821111584149,7.820643501646041E-4,0.002881323335260784,0.10979374168161564,0.06748632867046764,0.07681117697261725,0.041240914878279626,0.0035621844778830174,0.0779788460438953,0.06877244829065249,0.07737008239957727,0.04918178283888056],"oaklandraiders":[0.07134674465123632,0.054999990824800976,0.034241655544836755,0.022246067151695727,0.05753641329449915,0.021384663722734284,0.1095219257338532,0.037796845001230144,0.09847185472347302,0.024629804900244693,0.021602912375868005,0.0025843524748636677,0.05080720200219614,0.05632277578933404,0.036761299799351076,0.023911587135159798,0.08196990567177805,0.07937158464988277,0.06582370747057181,0.0486687070823916],"nyjets":[0.07008666428809307,0.055805195815841875,0.039953400655776246,0.019796139663642177,0.06247368713299376,0.02054242798025039,0.002443328904358013,0.029521691432969704,0.11881461755349762,4.4756512112777884E-4,0.0034373302573729777,0.12509708187704652,0.062331456257556254,0.0745408202932433,0.04197617604906592,0.005363365424709434,0.07468203087787904,0.06174339489280155,0.08314637566181311,0.04779724985996182],"49ers":[0.04902962981858062,0.03821217743427195,0.03320173243370832,0.0012062669447194085,0.22668434042336524,0.020879036203737777,0.003642072861640278,0.03698562715285035,0.09931855005888277,0.001036799592344751,0.02392504303529502,0.0010169369524368195,0.08956220267304096,0.06135599421301857,0.03548760955497064,0.009042011598196207,0.06943457450814905,0.0646113972641802,0.07956821934832001,0.055799777928292146],"bengals":[0.10975752320567736,0.0749520817236355,0.03303454779101691,7.191011582500156E-4,0.0400752764153802,0.0012507972864715345,0.0022444033353058186,0.03866106409918123,0.059800354508607774,0.0018610335081913347,0.0015232238879541277,0.0019230193204019112,0.05947285492876247,0.09674394108309652,0.036101183063500804,0.009624384206485944,0.15027937262778626,0.10542267533274083,0.09152164079079317,0.08503152172676086],"cowboys":[0.06634911572206903,0.0363680373024342,0.031967595320606855,0.16346496484376838,0.05708378772201962,0.02109010068086947,0.0036196717192523036,0.06573639798084042,0.0929538793569305,8.312490165889843E-4,0.02095558851586556,0.0013458523550359265,0.07409651300747563,0.07069208762823578,0.03276952547421381,0.00224335756617796,0.06617937302923213,0.052978583531519435,0.08742719178249539,0.051847127444369194],"buccaneers":[0.07203397726006695,0.04287730479635419,0.037648152190986287,0.029528751859687865,0.06819811947251785,0.025631120279909315,0.002762311946931571,0.03474973265397254,0.11958251058306524,0.0010427825511142375,0.15556180693523597,5.440281151537092E-4,0.06124001704590912,0.06554592934171864,0.04411679304645836,0.011030410161316092,0.07055884804197686,0.04661155646157552,0.06307972032060788,0.04765612693544217],"falcons":[0.08596149790817395,0.038167931370248875,0.03830682478695601,0.025737131061872566,0.06170080435700206,0.0017297031180496336,0.0033401979589171736,0.03377783474839279,0.13660092465235396,0.004387455718873762,0.11390863844732349,5.168409051697481E-4,0.06657589780041616,0.08858311586643333,0.036937078179056705,0.004681277271405067,0.06999556388754953,0.07790993468320935,0.06317798365582857,0.0480033636227673],"steelers":[0.09018200058807489,0.18528098581179908,0.045416530952705474,0.026262491276644744,0.04822015247587094,0.0011797570981370586,0.004399655954224395,0.03601255915603578,0.07919191711635565,0.0015992295860014208,0.0016340078096709505,0.0016776879706676337,0.06303901210024622,0.06630164592423769,0.04331783032937457,0.008873310413660622,0.08492554198888413,0.0600517099482405,0.08828487328976668,0.0641491002094019],"panthers":[0.08105691252503752,0.03340793128513988,0.03340369074043648,0.03461170261746629,0.0460616693526385,9.476748415072635E-4,0.12902953967027841,0.0373206945768251,0.07187537635708721,0.002538840517184995,0.030488454013788465,0.0019293092029834514,0.050362237623478585,0.09426683122099876,0.040398517554199986,0.007579126224279428,0.06331415568342862,0.0880501338694487,0.08821207380307529,0.06514512832071805],"buffalobills":[0.09082322860736133,0.03740590969945681,0.0594855514558692,0.026225823016202368,0.04127925000454065,0.020439936735338327,0.0011203850068320662,0.030397906355784585,0.0892402955404865,5.491874343874194E-4,0.002600755951988791,0.11327404590976764,0.05486011731519742,0.08104588489925586,0.03983213655178943,0.012511069872586935,0.07021937582338628,0.0739911715078291,0.08898547775958021,0.06571249055235916],"gg":4}