{"detroitlions":[0.07048292415409342,0.02065452344725596,0.01039227671971441,0.02112401975555904,0.08229168456973512,0.09942264772564215,0.013705968846587788,0.07066987650786666,0.011735813895002832,0.01436254480973555,0.03941588453388029,0.15256620417085354,0.10535827137321084,0.019170269263143327,0.020419071571218205,0.0442341543144033,0.08491434603983923,0.030645967841162674,0.017052779989172033,0.07138077047192408],"nfl":[0.05896987561485096,0.0519100093366156,0.029476096935725254,0.03910751550399964,0.0854130884150711,0.07503655289869342,0.014100755533367176,0.09019114047091098,0.01721607335750005,0.022684999238519958,0.0704586920907579,0.02982495906348023,0.09483065247862647,0.028464896361053628,0.05285896368713148,0.06996967848087945,0.07463719283605284,0.030597932219031936,0.014580460033375878,0.049670465444354474],"eagles":[0.05630309727902717,0.009975572185477389,0.02700759848817219,0.0199850487215725,0.05285531058537359,0.14232307221385165,0.012632943199744987,0.07242233322776864,0.014018197661273848,0.007441698077887749,0.06614322709069986,0.01738641665727241,0.10426963400989656,0.1372886203416809,0.0292881206183002,0.0640820473260511,0.08860151730593245,0.009071031182471991,0.007216909372106937,0.0616876044554382],"minnesotavikings":[0.0734259175668643,0.008802299707897266,0.011615605968556224,0.03342886792270135,0.07885426593066763,0.10508492878662326,0.0264358021526342,0.055365775969886136,0.012688603146180479,0.010965847643540935,0.06577615211053991,0.018610825908909976,0.10297660079488098,0.013046283805802653,0.03058858242204022,0.0541386280727405,0.10362269510314584,0.034668715347738646,0.13127490732260155,0.028628694316048666],"miamidolphins":[0.08464523797260673,0.023450232664596202,0.018923823050805557,0.020693988710597813,0.06507221331491082,0.1522890316760841,0.0123778301465008,0.04866587431807003,0.016991745295509505,0.013497739232260619,0.05067411955078188,0.018880187734101297,0.107152086832476,0.033746835835703794,0.036470618881386044,0.12195470886347871,0.11451497875554408,0.010686434233304952,0.009548270141645237,0.03976404278963567],"oaklandraiders":[0.08594719940115438,0.009453760783927713,0.008172970124661366,0.03012902950177383,0.06323354212379616,0.11161291835848143,0.033011701182439165,0.056420467134206884,0.11336493659864388,0.02094724755374661,0.04392152970744591,0.018312870866554917,0.107511389169369,0.01624125484049205,0.028325186704280463,0.07123226896778721,0.10299102185537293,0.017078593823120818,0.019478579786252902,0.04261353151649297],"nyjets":[0.08134584407990435,0.0366829060865717,0.01172564597393497,0.02826596977877772,0.06668809782454631,0.1405818697177657,0.01067180903939692,0.053719768229215356,0.10369694653799465,0.01464096604135634,0.044863974102992386,0.010961444606560317,0.09044802006955659,0.017726651948711356,0.02932966543383282,0.08007307540905353,0.10005547181572894,0.015504163986454182,0.007456729241802161,0.055560980075844014],"49ers":[0.06259841099915091,0.008444716723574355,0.008118333586375703,0.021362506735389218,0.04268418472301083,0.1056733231079659,0.016408075814232457,0.07860371425149537,0.009891793768126052,0.011808073377943736,0.05776118500430406,0.014821516113631042,0.09211336540102436,0.0224732982151287,0.030828705343357053,0.05871586047489157,0.08459013039616924,0.014067078943875369,0.006517378077080347,0.25251834894327413],"bengals":[0.07852556636792031,0.013148239327497058,0.012512871624276804,0.029687626945708243,0.0751277945257468,0.07766126659758847,0.020926139939282603,0.057709594402222134,0.010826522466782937,0.14320223108957772,0.03254973371791261,0.013466502066822202,0.15237571144264625,0.014105040314360833,0.027817568541334867,0.03780024515438598,0.14885088458216056,0.01683362263973666,0.010791371756672812,0.026081466497364328],"cowboys":[0.07269770185194392,0.011053938133805964,0.1275940883204623,0.023130657838370768,0.0685815690797966,0.12487228646796918,0.008761695948954644,0.104838346693637,0.005014233974869749,0.0070951767372664796,0.03783058509305915,0.01548802744405653,0.11106831399588615,0.014640941723528325,0.02801083882931764,0.06524094627962983,0.09316467315636694,0.010677103482616593,0.008645186424327218,0.06159368852413529],"buccaneers":[0.067505472797948,0.010015930780816815,0.011383908455101985,0.1502859371214615,0.0820334268027901,0.12294744280005572,0.020130616826049285,0.05859547473539916,0.007175533523157035,0.008310011552339933,0.06569187450069706,0.014949317325492545,0.09323341273943461,0.029738593224036998,0.0334943038867885,0.07820214775918659,0.075690797897374,0.00787605741247915,0.009362648136762833,0.05337709172262837],"falcons":[0.07840852953393711,0.009608249491981961,0.011654655411438997,0.03796967560657098,0.09453169970265919,0.18952684932703345,0.01869699518438486,0.04457158810949734,0.010369081909547585,0.01278241703110497,0.06591383729446372,0.01562434991788238,0.08503462967753872,0.02130826080420842,0.03370601482109919,0.062143686949428484,0.13225328906527847,0.0154771370907307,0.01732955716774651,0.043089495903467],"steelers":[0.06488521482851796,0.01447041827861016,0.007256363298686976,0.04032022656826723,0.07886603899512432,0.09641996605555313,0.013736353549661505,0.06916773943840102,0.014494652946304441,0.1323051259887582,0.04646285393592034,0.017564232627120837,0.09645764509111032,0.014777695945793607,0.037665325261851075,0.10359034040605705,0.08518617376435818,0.01551309169358177,0.012981039934976278,0.03787950139134552],"panthers":[0.05044598652896299,0.014570439288639176,0.022101334912163855,0.021119535288055588,0.08850568398318229,0.06906409779861299,0.018431069088725414,0.059382540746756377,0.007716259917571554,0.012343500627959563,0.05328465524371791,0.017964077310026694,0.26150843088744463,0.020247134457542774,0.03078510828333574,0.05696991229079093,0.13464345942546,0.017221169453745386,0.011385052999151286,0.032310551468155195],"buffalobills":[0.06918063705103115,0.10375620564557712,0.012061654403171043,0.019622039665282063,0.0897384249343596,0.1085298163007246,0.016417851445092092,0.0674635176123469,0.020532947340902247,0.010533186516545733,0.04366569271607818,0.018466359721306624,0.12047295613979664,0.015487774421572951,0.04635207549437649,0.06099443722862364,0.12399070948137922,0.01154432811142592,0.008242997679276982,0.03294638809113099],"gg":4}