{"sabres":[0.01789032985378758,0.04807433068198196,0.04650759059321623,0.055084915741839956,0.02527671854746772,0.053470461959409916,0.05237014322433853,0.024086881920107488,0.033250105526893906,0.08093680212355571,0.04026713366434537,0.17980614842225148,0.08231551735240594,0.05370009272265522,0.04673721600916977,0.020886131907111378,0.07667633790557948,0.019476386387065298,0.022750669212907876,0.020436086243910297],"rangers":[0.01722228243755315,0.06729201278577052,0.047067254115309876,0.05138661023295792,0.017860107505513256,0.07185878372831228,0.08382513467948166,0.02653095763884976,0.021187883844931258,0.07530318005378685,0.05253755423448217,0.024350122890089206,0.05402985804918571,0.07178095586944537,0.08000006217624828,0.018883711994690227,0.06511662137013198,0.018008315460405648,0.021226884312905814,0.11453170661994974],"leafs":[0.013818507133019983,0.03628534912265886,0.041490644314901855,0.08949552358312923,0.14822815527078273,0.04061657705477542,0.05293760197881067,0.021661922655488296,0.018149906086509113,0.06124539569876039,0.044156190493677826,0.07351659901040945,0.10651887914228633,0.04427354142659024,0.04615652198417531,0.01584215516773107,0.09856238972971541,0.014744286596785824,0.01719949267820035,0.015100360871591355],"caps":[0.01585807179240733,0.050650064778563576,0.047608797494011555,0.06047546776697869,0.01946155044814015,0.06310968199430023,0.06405688150512927,0.036733511518128655,0.02499877293776271,0.06621739302175325,0.0604919063603511,0.024303458992329028,0.06187723651595802,0.09261842456002461,0.07202849377304348,0.020860472820559386,0.06577778379449341,0.017011158773625686,0.020943577837983965,0.11491729331445699],"devils":[0.015365870710199485,0.04427001117597377,0.038924393621276046,0.05431533540533643,0.02204760096818283,0.05632023176861968,0.0740832656377114,0.02497647837958228,0.019817907048228018,0.06946155358290272,0.04549007616817102,0.04102080387806672,0.0772929962048979,0.07786811614936573,0.07486965331459461,0.016411627257673596,0.07550140687428408,0.014899970392550517,0.1362630186867797,0.0207996827756036],"nhl":[0.0232860800737753,0.04845038389646941,0.04514301631364538,0.054214546856935504,0.03799995217476175,0.061724946224975416,0.07711258943549429,0.031777566942776524,0.041785418443219674,0.0738739914310481,0.08959074350429547,0.0492534609928074,0.04798938000674699,0.07130248261641525,0.04945508398911083,0.02998602713390675,0.07991976242305834,0.026971826895206434,0.03127585476211845,0.028886885883234226],"wildhockey":[0.01817416422536203,0.05687746252871347,0.045497336378943,0.05388886747198181,0.018132666553415434,0.056004427239298896,0.07362640504739437,0.025208841844288846,0.12288188653891309,0.09629319740484654,0.055931633420657496,0.025229766945498246,0.05279943516385098,0.07614024285566519,0.0811570705207484,0.022098098426737278,0.06483088298555119,0.016642430768005683,0.020141428974906953,0.018443754705221645],"winnipegjets":[0.12666897877189343,0.053215126274314795,0.03280074494272869,0.05552184983665411,0.02107390210559784,0.06260261816178844,0.06681357828975935,0.02897839210507377,0.023517928615023394,0.08891133675046263,0.055896508436266465,0.03554013410519305,0.05994864553461681,0.06583804498214253,0.07824818843888892,0.026874136432984665,0.06586520753990956,0.016745590703855975,0.01844506969715523,0.016494018275691216],"stlouisblues":[0.0952540432738302,0.0463067329365352,0.035291543552727636,0.0525320069918785,0.019142879660031153,0.07383447359014617,0.09059408417134987,0.030955460493267594,0.024625329169230718,0.077494833856872,0.0588329777210783,0.025115565646818758,0.05419146062646758,0.0821875952189313,0.08621219412902524,0.027219998930093227,0.06473146578227838,0.016816366546821934,0.021632978961593153,0.01702800874102399],"losangeleskings":[0.0181603107756823,0.043259061947474566,0.028271345472858898,0.07331303420978645,0.021221354059304014,0.0691977261349889,0.11983287574891364,0.02916515797375334,0.024250852137203776,0.1014821620674498,0.05555688891463838,0.027153874536842076,0.05135288605479418,0.0869470549792354,0.0982981557126947,0.02494570355956137,0.06043589343087547,0.022133265853559833,0.023947928818271645,0.021074467612112253],"hawks":[0.01749657383752814,0.04371954042238006,0.052559471494307446,0.05265408751215578,0.017883802039393486,0.058277556392449595,0.06992892401322873,0.024500150272475058,0.02091106882669261,0.05676996582883725,0.06894539413768164,0.02123659503006933,0.06441821861648063,0.06351743784772691,0.07288600558051961,0.17046291188280197,0.07086049379131426,0.01643158069679817,0.018495001436353072,0.0180452203408067],"penguins":[0.015150062011345652,0.03992374643004097,0.041222488891114545,0.06292911520520558,0.016121369549704192,0.0599247222115648,0.06596250353098997,0.18589244195456386,0.026550531942348937,0.0668061197701376,0.06425504377284928,0.024789001855551513,0.06393183752402681,0.06483139545767702,0.06139009859325697,0.017338270118481117,0.0720062498345908,0.013770533176961345,0.01914227048785337,0.01806219768173619],"canucks":[0.014536348114382498,0.04818959938695883,0.05270733389555457,0.07553927728628616,0.02051872507959734,0.051332729173414596,0.06137882459424235,0.023116173614719883,0.019087498210605656,0.0692227651441602,0.05722380134780563,0.03450091566450458,0.07517447598332024,0.05483115168773122,0.06672321653062922,0.017798745316784194,0.07888495054512018,0.14414120299554498,0.019055823205718785,0.01603644222291916],"canes":[0.020273053879837643,0.061159575333941125,0.038401804095345805,0.07395346132453023,0.02628807572585786,0.03972151891111468,0.07660876822520063,0.05125923469342667,0.02944745150945758,0.06087075329436092,0.04246741083758936,0.04571482156075206,0.11372651685953568,0.11192961069470414,0.05175738032961994,0.01851206522099345,0.05638000275993512,0.020207105407076473,0.028971529588046774,0.032349859748674],"gg":4}