{"detroitlions":[0.01719139113634133,0.08255066966173764,0.004794015317802758,0.14563980698305415,0.019342366053514606,0.05379302167428244,0.0891766805521876,0.018384859987367965,0.14951116143125096,0.057737175890453754,0.0052375481293500566,0.005413266789900474,0.004341063685076173,0.0288083702689471,0.006909974803055881,0.008152935428971175,0.03547655330594556,0.14497607794719508,0.11571238241513782,0.006850678538427553],"nfl":[0.04603833338479427,0.07537834638564186,0.01971587255982286,0.09854222265195436,0.04711715098309697,0.09505007150581904,0.13014219020434722,0.05171232808113992,0.044740177186932344,0.04505458429423199,0.010668383321896865,0.01044139467359315,0.012028638339375404,0.01355025070579463,0.013747070503971634,0.03600739823750384,0.04369796608122656,0.07767386158579573,0.11324046727372425,0.015453292039336168],"eagles":[0.020086245543985103,0.08036821656425341,0.0025871193869539378,0.11173256308036741,0.019834961312605377,0.061275754636614194,0.18076985248944663,0.02418370555211444,0.0586421245394785,0.06041084913144872,0.005000628525985784,0.010280671273541611,0.005059168093770634,0.003912183942094534,0.11820094913481076,0.006786968268155387,0.04109168136390129,0.11373183062585002,0.07212116037851746,0.003923366156104037],"miamidolphins":[0.025869181243486142,0.11282395340551757,0.0034834743633577084,0.12103131258850293,0.019853589276053688,0.049670725432283645,0.16932780829722943,0.021961521850527667,0.05754139481697808,0.06992349385299461,0.08304934616319047,0.006474034871354313,0.0030113950394277814,0.0032022444253483923,0.022708444438604557,0.013642381487892851,0.03929605713078227,0.08182934404854342,0.08707624546205371,0.008224051805870745],"minnesotavikings":[0.01979210057691098,0.09795294597708526,0.005501073527654791,0.13860646356690398,0.02551355563714023,0.052928694518131564,0.16528517935046624,0.04946229518000711,0.03409780458238096,0.05820477313654992,0.004512152167914737,0.01567590171526902,0.004954215124885869,0.0973913502069571,0.0057704098239667,0.007949676825479873,0.045271226648991185,0.05104678556483375,0.11417134846991969,0.005912047398550605],"oaklandraiders":[0.016255214061710613,0.11142766591887714,0.0031450102752900383,0.12442742843575774,0.1287677581425608,0.052392365200706184,0.14181960724742979,0.029527130771490908,0.04100913498822003,0.08783771766899592,0.0074129078800607515,0.023936953247570933,0.005504673982066961,0.011123088680807164,0.004861856074574465,0.008875038847557673,0.03336150561629723,0.05955410012100917,0.10432977407552417,0.004431068763492593],"nyjets":[0.022908159910265256,0.10828467793385503,0.005705007855754593,0.09873981252642346,0.030404062053797046,0.04678234575419259,0.17016703226115196,0.03616217222329649,0.05732207700827316,0.0600010041527748,0.09970631658489237,0.006154023627397106,0.005773852916270241,0.005765637460310581,0.006426043652525549,0.018899464232064393,0.04691346195116346,0.07327733804204968,0.09622103460441629,0.00438647524912632],"49ers":[0.019605693867011335,0.08139319273077564,0.003324769488099279,0.09447928889318605,0.027160597657852843,0.06108145071994597,0.1687144115769086,0.024254873971170637,0.07512890931121705,0.05629987026296421,0.003402349573208993,0.008157608649617303,0.12086424663839548,0.004475956412940839,0.005743612158127749,0.006727322875524316,0.03528445712644847,0.13586735364561728,0.06175030023246698,0.006283734208520387],"bengals":[0.019296747905074105,0.117403166248548,0.09651740030523959,0.18249134990097016,0.02546783413671895,0.05983819072151434,0.09492677206602984,0.030259903160976098,0.025472866875679116,0.08407906029020117,0.005039349714071261,0.009652767986457844,0.003983795454043102,0.005632295474070322,0.004970641690731314,0.010858229437680268,0.045680678734190634,0.056200229116014966,0.11651332569851273,0.005715395083276186],"cowboys":[0.02142538821213371,0.09828740373578114,0.003930355648526068,0.10806503946869064,0.014628246096124776,0.11148212767656948,0.1289069833294391,0.028940462232936243,0.06039101014571586,0.05725639640405243,0.0042614845349239604,0.004148006716062375,0.004282460554932756,0.004343872953016247,0.10016234889827708,0.008592705525879466,0.045988366819365106,0.08387719940347606,0.10267818751220512,0.008351954131892235],"falcons":[0.02609498184278112,0.0929585160354394,0.0036129250039463757,0.10585655694388899,0.03121456687983043,0.03578779737841767,0.20568139314546,0.022842720903438536,0.03924710815688656,0.07988987126320005,0.004125471254267527,0.03179215864278707,0.009246450174177629,0.009207208156855074,0.005765224376967192,0.005721072015794822,0.053946385436846725,0.08501548992555227,0.14211592766237546,0.009878174801087056],"buccaneers":[0.02102215680787125,0.10660061888784057,0.0034915604425996604,0.10707390593505343,0.025999407240839916,0.047058811882921624,0.18400164713127987,0.028303426529415088,0.062282672276630945,0.043145593575221866,0.0030603661855642937,0.100367548916533,0.0033893291408311097,0.0029586573636415127,0.014020568601823815,0.005133328203158196,0.039211819312094234,0.0799103101000904,0.11621483173691405,0.006753439729674938],"steelers":[0.028110318573701998,0.10154995516765036,0.022916711627481802,0.11687990559247391,0.12699263734450592,0.05705497403044998,0.13472269754921473,0.06594370556453669,0.040681753524850935,0.050156336147375434,0.005229794562994244,0.009464402194224118,0.005983224233057898,0.004110004095490567,0.0036609844118773976,0.009441722949713146,0.036416173162190556,0.05720454022882209,0.11866845745901003,0.004811701580378323],"panthers":[0.020388682725563708,0.07503160252338244,0.0046512544599075865,0.16709200628418086,0.024605444448633162,0.06581960780141778,0.11339172314091338,0.022466419810388976,0.03099204728372364,0.09086834367626613,0.0036710471896754192,0.010259752955750162,0.00403314030946488,0.007092514092541848,0.009747122407106224,0.010886246286761454,0.05640852482715582,0.05625854195740915,0.12143158865054383,0.10490438916921319],"buffalobills":[0.04464082685516299,0.09146228733578333,0.004281114806206001,0.13812606890818255,0.018464530702899308,0.05674806583104783,0.1344739887621084,0.027510725578848247,0.03264855972705155,0.06857956397867991,0.08838007927324373,0.012345897765040659,0.003787211640904607,0.0031699754228602566,0.007938912256497814,0.020200613225855882,0.05367099428284264,0.0699571993351815,0.11856539288944128,0.005047991422162028],"gg":4}