{"detroitlions":[0.11020077020410857,0.013761111884977906,0.03213037825817024,0.019217746081833836,0.07741122106338436,0.03912308572494126,0.037402595202414374,0.11161346185937134,0.031901281442948654,0.01754277844833091,0.02154589822925175,0.019543765855847706,0.06884774449039845,0.027399608520512365,0.02967732331014862,0.06935719547099502,0.02815179578400335,0.07787100138821829,0.08042389949356238,0.08457584131419897],"nfl":[0.0650783970227591,0.017872987082707917,0.04250821781235682,0.02856851917226728,0.06578312503844794,0.03488418558699902,0.06146648414939983,0.030991253561840414,0.052464861167377974,0.030344994208269707,0.023530292396904597,0.05003000500058449,0.07430075240945683,0.036363693785136326,0.04501681294445989,0.08310756798939638,0.02387658399824835,0.06449004615385756,0.07317036815848124,0.09353485346252091],"eagles":[0.0882773140532619,0.014188834548275488,0.03598944328705835,0.02113917725101354,0.06370527171450246,0.015931098576882817,0.04535887205165805,0.015856730328093496,0.036539217821313315,0.03446630625243471,0.013052694028763521,0.017587133428370812,0.05516697831731036,0.02205937902949389,0.025070203252679387,0.11039351047341979,0.1695779094338977,0.0709585789614547,0.05025194212937821,0.09106617636118625],"miamidolphins":[0.07746746176479534,0.015433014401437998,0.027480423669669393,0.01710907213589612,0.08172916487801074,0.021355698711737744,0.0496690167089273,0.10716161437650903,0.04350083449020624,0.030950219073033938,0.013400444488724393,0.029371709574973277,0.05211872205513322,0.028487943257814768,0.030992933923537858,0.10755079987186526,0.034398643424517185,0.08032785354732166,0.06059680672689986,0.08462147229137383],"minnesotavikings":[0.0452320884654825,0.025772554938205974,0.02997180934063522,0.023022708672593,0.07438632308920617,0.04116630008042078,0.04468992060885469,0.01618543219522056,0.035873725905136176,0.02110428355341579,0.12865033706168963,0.0190665713264377,0.06166150210724993,0.03215456324492976,0.04526500120712785,0.10041934618692692,0.017477497382160288,0.07488099002421021,0.07886131786549634,0.08268497269452814],"oaklandraiders":[0.06261527698058093,0.04082478222836235,0.03402891638926141,0.022701894129273047,0.08501738603299651,0.01941635853386477,0.04511160539455365,0.022130965963636534,0.03210881466702143,0.02063103105190134,0.1319353253352272,0.023377068377181308,0.05404140430182636,0.02894299098365255,0.0362419529615373,0.09285799204855846,0.01846169088226171,0.08740738876419818,0.06930736670171488,0.06905190948451193],"nyjets":[0.08090889604893779,0.014243397453587504,0.02742322895962424,0.020590391935486927,0.07718050327531122,0.023155094432181812,0.05896070734322507,0.11444315469442401,0.048245293288887235,0.0176357865895161,0.017626972163422062,0.028667535770081933,0.06082900099320227,0.03104370559056341,0.03479016123950351,0.10483708776622719,0.022721573081207716,0.0710528093976411,0.06369802056318681,0.08021956369702934],"49ers":[0.1200408331801934,0.01561004249450127,0.034901895393218085,0.17284785383861365,0.05891076157577454,0.017118726206581877,0.046333585717264446,0.014922997294506642,0.03497596794616642,0.017049982685159726,0.01603434207796776,0.01662164690152818,0.05652514190285192,0.019883468400952207,0.028802412297969676,0.10311610609154269,0.020440021507297294,0.06925919616093984,0.03748773172830871,0.09578395326532882],"bengals":[0.0386478181014994,0.027500474759952487,0.031447645142486,0.02082968333378242,0.0897018010629898,0.02353265520580728,0.041854802881342,0.016425996129075658,0.03376145152284908,0.021504198969558845,0.021767517708491075,0.021327263771385087,0.06353002044252763,0.15683505126649405,0.042989121615216806,0.058589991456796935,0.018955944185789525,0.10943191840180887,0.06984570382151334,0.08433531147811936],"cowboys":[0.08777965921560311,0.011876475074745107,0.07173425395140583,0.02001321983740304,0.08513005277956111,0.023012225596612004,0.04250258306137655,0.016233317212711363,0.03645208212273548,0.1234006742657565,0.015576884282256617,0.018267985895979024,0.05343506485110942,0.019932318803902963,0.030846909818409225,0.08047506009136624,0.029844335874351972,0.06441468536860519,0.06587073861480609,0.09959570405053476],"falcons":[0.06847722316138836,0.013905526685837203,0.02558758075612147,0.025566960329417472,0.07298871276945677,0.026339511750855374,0.040168757859444515,0.018041103621619946,0.046634951852395544,0.09415654032978459,0.02957324139861369,0.015876309693805792,0.07281156360044698,0.022422510978014776,0.028172400641732702,0.12481140232047003,0.02082572667984002,0.09302220157850279,0.08409100602072798,0.07432412479971784],"buccaneers":[0.08356933256688795,0.017207148165685873,0.03724637572653424,0.018850557149642996,0.0735354413941226,0.023713449430734536,0.042624398520473276,0.012578777051301431,0.0438640326295386,0.1553375419778481,0.0179966724243821,0.015692283854484724,0.06183524176670283,0.028115534889151788,0.03401267101650458,0.11097520837663317,0.022792943119544894,0.05311743739865303,0.07198266930463591,0.07281553109978532],"steelers":[0.0652032833740395,0.10288244470330836,0.033659848079230635,0.024866286876717027,0.08071367415146409,0.02143546005055595,0.08307594076090973,0.01629391122413015,0.04206313783168524,0.018634146485301747,0.02713413074542386,0.025032163641185042,0.05843105059953662,0.044859521026432606,0.043688285155053824,0.07896256168846788,0.019278771553777604,0.06231141205788213,0.07429649392541021,0.07717747606948801],"panthers":[0.04878686164374255,0.021189240447854616,0.03723239499205797,0.020582771110080684,0.06444939966828087,0.1303678230382149,0.04027210280789383,0.016023552295506574,0.032402598332548826,0.02877402459219097,0.01988736343310469,0.02492758427394279,0.07811794376836989,0.03385701258090192,0.03779873046473975,0.06940220150499117,0.019880397572625164,0.10616942663588985,0.07317201207518949,0.09182510827372897],"buffalobills":[0.052628939970401224,0.01951799024434759,0.03406479547022218,0.019872633565401476,0.07218034745592473,0.025502485844855493,0.04549918687872224,0.10494839740350034,0.05764891454236361,0.017895772620620386,0.0168061742106687,0.03230008404023739,0.058552963855628984,0.03066471028329845,0.032713650522453765,0.08826416373861172,0.02507719430813332,0.09057175935096626,0.08259542653285483,0.09269440916078765],"gg":4}