{"detroitlions":[0.017053068812021285,0.0731151185516365,0.002616834402811847,0.03971581802975094,0.002607228564286163,0.0017255809984358878,0.11813144624464701,0.006430042417595913,0.0023339369187133393,0.1840668676892871,0.09959959872082422,0.09032789398936142,0.09469931860525901,0.0017070033800509659,0.04687209375695941,0.08008093879913607,0.010095609177155818,0.10277140594186064,0.021135475584039914,0.002613223443784937],"nfl":[0.08057633387602607,0.10048410445267343,0.013646663702086021,0.0586570553277139,0.01452898992225633,0.01870372895610109,0.05721612989944216,0.02790341061564071,0.016845930681987052,0.11910241349696742,0.07077665648058137,0.0680174024747675,0.0830302665493977,0.028411073365105552,0.01674124438041985,0.08115837374120773,0.05353964631867122,0.013687696266647481,0.06117701358924993,0.013179867004530402],"eagles":[0.03848225694950257,0.07824307963275674,1.0784175855401853E-4,0.03567318208109423,0.004327704163170193,0.0010200331270889156,0.07728551189262747,0.016265898505546817,0.001042492098307293,0.14828127031238217,0.14186254943486082,0.08328051527122124,0.06263522180355353,0.0015551638896938542,4.416602133455217E-4,0.09309170039503864,0.01402899232721285,0.0016161835856375757,0.053228229772358714,0.14416728408649565],"miamidolphins":[0.013696327851924494,0.08168170565746097,0.0014660746882056788,0.03462667588704324,0.004882925602901877,5.264414232461109E-4,0.05789483569371108,0.008678603655662124,0.003367947733967551,0.17439432993731507,0.1380854714670479,0.1036004610108218,0.08308382121924533,0.006912169655837884,9.108173675263988E-4,0.06345012934674989,0.023442463721116767,0.013367672363524296,0.0684114003801984,0.11124357470887826],"minnesotavikings":[0.04514273838743629,0.07997190987392555,0.10687417927374818,0.07761772850592978,0.01236143650346047,8.781969663094545E-4,0.013213550593133836,0.00543780043367054,0.0011028655727905897,0.15559362083333633,0.1293886655582555,0.08627822154395325,0.09283840809429232,9.774889470838784E-4,0.04970433520647279,0.07037275115207568,0.011381716188312227,8.944725843236671E-4,0.05806192638106959,4.3523335034685275E-4],"oaklandraiders":[0.020678778084553963,0.061531139849315214,0.11200744367728302,0.025474722782795323,0.024558422580360745,0.006218192271087024,0.05252207663298371,0.008801539966271057,8.255772824012467E-4,0.19247460509651146,0.1244316974677063,0.10763918727298587,0.09129700933531071,0.0028869057353728667,0.0011877862453295875,0.07228406429055292,0.012152204053904221,0.002087900777510685,0.07644256309665035,7.103047132355442E-4],"nyjets":[0.049112092083023175,0.07786105651822091,0.0024500450295298275,0.04497305803309075,0.005683925079432698,0.001173874810727594,0.0753221545359376,0.006977893662376843,0.0011055816891649998,0.15545470076744353,0.1435296215595653,0.08381212942297059,0.08361009606147486,0.008037588934120564,0.0010130628929156404,0.06694670447730998,0.01631804305931906,0.1011162643519925,0.0714094353222195,0.0023655559924113966],"49ers":[0.04209667754296776,0.07520794978730823,0.0016877295815661904,0.022017306609280307,0.007786404882473845,0.006075055570019887,0.2837786214461724,0.012103138560226807,0.003300094021145625,0.14270392374512092,0.11834399245957733,0.08791666218692709,0.02608521435481237,0.0023672936775090427,0.00170475207446389,0.09342867908494243,0.012962946747883394,0.001668634608844365,0.05364877116092452,0.001782818564500469],"bengals":[0.021033427600051627,0.0660635562593366,0.0016983086819410533,0.08369353899701155,0.11140180858974674,0.011829621121964383,0.014492223503243131,0.007618609607550167,0.0010542087083312826,0.23619550157627545,0.044624675535634456,0.1460897549985861,0.11352075709746814,0.003481343737599358,0.0014665605517400788,0.08709107367944882,0.019203841160653205,4.6184018525002553E-4,0.020896145814788106,8.97573850864958E-4],"cowboys":[0.04461254343357594,0.06077705070090526,5.536892493888247E-4,0.038469286520220594,7.849688619085738E-4,0.0011134125730717663,0.06908973560904692,0.11568530526762179,0.002663496972746745,0.176143678477737,0.11536358110471792,0.07582617409411045,0.08564105941031813,0.0011305789797810867,7.902203661941822E-4,0.13093831015524351,0.015620818671160568,0.0010614203819200904,0.05688735461857533,0.0032415453209865296],"falcons":[0.01141099272681805,0.06553901446513898,0.0031535213310543283,0.043492548326072376,0.005991390483460622,0.0014099605754189979,0.06083937062910211,0.01628973703021921,0.0033034195393727324,0.14190923793613777,0.2094616009235105,0.11184994978000018,0.13094109196991927,0.001383858432316582,0.0020452041648579534,0.06642312605305939,0.018721236919383915,4.5362024774466697E-4,0.10277840626062568,4.0006903398032416E-4],"buccaneers":[0.014630260695100844,0.07424752609385046,0.0016298865963674566,0.06731938872902933,0.012780278708322636,9.409324330362132E-4,0.05373926044549948,0.01614610594710478,0.0016932907723271804,0.14043660817989015,0.1166170053692839,0.05925514311638193,0.10323865794169707,4.5709514393434044E-4,4.137025373506003E-4,0.06645186359399391,0.03223111150824139,2.9947369367492905E-4,0.2285554444259224,0.006780211932239217],"steelers":[0.0766558256063232,0.07223804228733312,0.0028376724707050434,0.032453437290556865,0.01431307847293046,0.12181130757549713,0.05299341177922534,0.006168358085903876,0.0012749570237442181,0.16804868088046854,0.10841999975836501,0.07272693293642275,0.0977660974175693,0.003316692587342203,0.0011137136928802008,0.0783037836332386,0.02267449196995729,0.0011643990742549232,0.06519217763074749,5.269398265347337E-4],"panthers":[0.015252026510195313,0.07676407425062758,8.845570591731186E-4,0.09166965850142521,0.007322795068023223,9.234072841301603E-4,0.01890142951359231,0.015328105601501543,0.12015102596680567,0.17895699006085022,0.0508684580051164,0.13185552769996697,0.11264101056855254,0.003438760243322629,0.0035861468432533345,0.09298059885432651,0.014345800565482403,0.0011107566345399107,0.05741103615543948,7.263841255311408E-4],"buffalobills":[0.03718471718090702,0.06745462663354114,9.275034008035789E-4,0.0689835297482635,0.010666052508582373,0.0018149800912051928,0.04268458936518818,0.006039543344858537,2.6870319661578037E-4,0.16052310611510723,0.09619705215665952,0.10087485154647904,0.10968294307025238,0.011967570865474146,2.479907211568056E-4,0.07496762406601191,0.05967341465704161,0.09464635284420231,0.051840962002298735,0.003353886485351296],"gg":4}