{"detroitlions":[0.0024118319225335766,0.13894076817645126,0.006553616259637545,0.04516082357222257,0.14975388640252194,0.009731009222525223,0.004789876622049119,0.0053386290314073395,0.05696631292678713,0.0024027133960570117,0.01853052975933785,0.021621551921538345,0.06255930720407625,0.1538011252491482,0.0018571560364589307,0.12162914649610977,0.1717675256736026,0.00487852701254531,0.002691800232172662,0.01631236691043572],"nfl":[0.024403315614653035,0.08398705721619527,0.05209829035818975,0.06991741267425529,0.06370894817166672,0.04677973798710026,0.02110189236925814,0.018376815875639562,0.07510840373144458,0.02876226171983953,0.06378529251754188,0.043790118717781205,0.07376888003540275,0.0991032397469986,0.02328113114408953,0.11122811798716159,0.022284966769306844,0.021483524962506384,0.033418750394849005,0.020995843107591956],"eagles":[0.015800052911758327,0.07898000255136918,0.01162160910818524,0.08678986870726031,0.11187804201366854,0.008261056340636092,0.0023857163059660454,0.006723758149728364,0.13965361228488749,0.013845699279390247,0.016136294116242726,0.022925540396233506,0.10694108330280362,0.12644864602695574,5.888168313389487E-4,0.0923166203723037,0.14847199374997294,0.00425434131390681,0.00221862091432794,3.953966235132144E-4],"miamidolphins":[0.007356789631874267,0.09962706740941732,0.008768209744796876,0.10495748998337935,0.12748485986319902,0.015347067872362608,0.0039542855006879886,0.004495651289526983,0.13147729411509076,0.007219591169423374,0.01203859031264899,0.029205150828461725,0.11098061419197328,0.10457640885337752,0.0014466936167283856,0.08942100348883832,0.007415633913892917,0.11844018119904355,0.004583992107312541,0.004927274280349173],"minnesotavikings":[0.0017604757556868775,0.10810640621014429,0.022591753054130345,0.10444949748421728,0.13894195261659362,0.0053358353310648966,0.0034232451684489225,0.013816516159829581,0.1314211300517562,0.008584170174584325,0.016936151716037365,0.018746283102939184,0.08077005901822969,0.10119909640756752,0.0015721890426209889,0.10281559023102228,0.001789241717720519,0.0021275405752270993,0.0017302685587324506,0.13240984357337351],"oaklandraiders":[0.008495498175163372,0.10939175216342936,0.013884987172054983,0.1144418055722071,0.11776112406836772,0.006839461688834881,0.11869853479485751,0.02473991301599547,0.12626158419709088,0.005016652662914153,0.015383983336880822,0.03605601438747203,0.09826747960752882,0.08568199852624397,0.006338395019092237,0.09021483361707047,0.003253030294663302,0.0043007922539117106,0.003608129256318372,0.007576151402024917],"nyjets":[0.0030129307593029465,0.10662491958138622,0.017959352734581137,0.10546834229048115,0.1290556806614629,0.0180628703311061,0.0034405944373315776,0.005794793110958631,0.13596836849752011,0.005957306485742647,0.01571283889047143,0.01881036873609494,0.1264136276572657,0.10416313592983407,0.002637905971408902,0.09035561510264388,0.0033654860118743617,0.0062330063387018644,0.009652533810714745,0.08958320694436392],"49ers":[0.0023982238555111477,0.02712293425592894,0.009887778875620677,0.09158555340325795,0.09762837855496298,0.008527143557905797,0.004219215726475947,0.005725951558470559,0.1254816241742326,0.0032850710727452084,0.02027104446310325,0.0265642719607281,0.12846820225580424,0.15084472127902682,0.004916342781170234,0.09710606267180574,0.0028891387775285774,0.18578704673380284,0.002765642027769686,0.0011923186808160515],"bengals":[0.002312987206316317,0.12027901954487895,0.015718229712931155,0.14393908724927124,0.19235304990909033,0.008906914539104934,0.0029373488701520778,0.007849513026111877,0.042364534980215564,0.010167007331949099,0.01633885360861403,0.02879067579535297,0.024089078916095262,0.11356486152878752,0.13708397509903336,0.11732737059429903,0.0014052511082074122,0.0021786722608677575,0.0033989030822856713,0.0018090368939212534],"cowboys":[0.14294525170308345,0.10576372552303027,0.011303118760351494,0.10967698118544912,0.12110254433949422,0.010954703977597837,0.004864682829036561,0.0020681457659774403,0.11222062846872188,0.002389442469712687,0.006118258996914714,0.01756595132703914,0.11450987617572367,0.12228926355082859,0.0017067199202525096,0.09961237663174746,0.006034310606924739,0.0015304674413860243,0.0024167479555687143,0.0013210331403910372],"falcons":[0.003430295856867187,0.1251385652977886,0.008468987517873283,0.10042284822891881,0.13028968896358675,0.012324693456682205,0.0031447394278863654,0.005710478235440361,0.15400766685370468,0.010991299430413024,0.023594495623110986,0.03351133698467599,0.08861237841446033,0.09753198148207093,0.0013910157063029705,0.0830083226134613,6.956841208502854E-4,0.10812601742318886,0.0018083403407577363,0.005588520850153675],"buccaneers":[0.008643280686460794,0.11366723263625082,0.012614170774425053,0.1075761949778519,0.04401307071536751,0.01152158729194171,0.003548003060698018,0.012465140768479004,0.1415623400723048,0.1648209496832403,0.02620850185712136,0.018513499701375193,0.12657695993499454,0.10930206168028439,0.0013798713862937955,0.08436380299263445,0.007130745404564444,0.001306210216712362,0.0018634589829560463,7.861650392915327E-4],"steelers":[0.003591237805700722,0.10495333529127998,0.079572481964393,0.10683764958373526,0.10832597970305047,0.012446483386964578,0.004274428486628331,0.008318300147854008,0.10536255705841792,0.001661537081768598,0.014973196157711168,0.013288769868072096,0.09709192632374476,0.10353967126405153,0.1346026926936774,0.09265901863484943,8.076958151957838E-4,0.0020352626333447776,0.0042806387895439925,0.0013771373100168144],"panthers":[0.009537035300800517,0.11832543195272814,0.009563454344903062,0.09315948795422926,0.16456793174879697,0.0073822522065969745,0.13749673264011325,0.006868287945500545,0.08951973822676382,0.009299813872007037,0.0221441133458715,0.03489894690328567,0.06433886950359181,0.10342487166480623,0.0025278886204450797,0.11035571505362368,0.0014238180535136441,0.002429077874193211,0.004668421061359546,0.003186661238725513],"buffalobills":[0.002891000969964001,0.13653809998387212,0.010721751214505902,0.08662786157368284,0.14810253601300505,0.11750992507319621,0.0010159639495007492,0.013722958362255714,0.09797113153538689,0.006793626710957735,0.011616391032193146,0.024795289153858285,0.09468476567953803,0.10307920955087095,0.0038063032139525306,0.11370127029204827,0.004459619700072391,0.0029876245314310336,0.013388404425815714,0.005586267033893349],"gg":4}