{"detroitlions":[0.11229351100980721,0.007125657810751899,0.05280148841695368,0.09010355448184988,0.022090261582924375,0.053280925521366755,0.004624400138132962,0.01332911925650575,0.020349549966326715,0.1618104573724405,0.016081485899344695,0.006142442443302922,0.11447388174426178,0.011552197715689046,0.014699485469988442,0.05665682181779061,0.003784186482655448,0.011186411005473205,0.08443667831189429,0.14087598758015812],"nfl":[0.014381588017659552,0.024010177983234435,0.062382192473014124,0.09512038031171853,0.06557593931984673,0.042441689687379984,0.013205158934065049,0.024447431230667567,0.048544685900916304,0.11503200450994802,0.03957827839687941,0.014903445393108778,0.13623035377534906,0.04626041332172205,0.017315683421659338,0.09796965211122904,0.021117359076528133,0.011504554130867834,0.06864132888121817,0.03872168422446016],"eagles":[0.003644198591331965,0.0028891994914430692,0.041912039483189736,0.05715985673567662,0.03569801320268231,0.04901363540592248,0.004300732342997795,0.011246587911843532,0.021291391011103125,0.15086504427366698,0.0034507636795057034,0.13849987903970118,0.19980892556669483,0.02289542867625891,0.010143250095401428,0.07795894293329451,0.004880100409557577,0.018271263067757493,0.07481661702184732,0.06789090236057199],"miamidolphins":[0.0032623580453615035,0.006221631684021581,0.06330420647652063,0.07216145696944087,0.03507590365872537,0.040591733542414736,0.01977142017053346,0.00591752050101348,0.027748814203491137,0.18153958330456682,0.004404601704903942,0.09442890304666647,0.1826596580173019,0.01312219473771787,0.01515600016057257,0.05391993104753931,0.01831230584948769,0.009516591654186956,0.09494057722754534,0.051668457370373316],"minnesotavikings":[0.036546703112292966,0.0059972111168302466,0.05486243253998723,0.09679679794405886,0.040292186773748496,0.02489444161436172,0.008771243037459412,0.1144968156350891,0.024049383740843453,0.1705593276171228,0.006324939310869703,0.0037112099047163253,0.16763651605733748,0.01815296710442186,0.01155460603065558,0.06954002695845486,0.0026041704114975763,0.024261698001715463,0.09605555685251607,0.021419012185947533],"oaklandraiders":[0.007443136516993982,0.008605263191924927,0.04864098924027669,0.08276988296694543,0.036360525766027274,0.040420883433828665,0.12208876509344332,0.023016378569713787,0.0207363144295562,0.18390003127517385,0.004340908344732491,0.0032740408654905045,0.15957843450813006,0.022329177053748928,0.010331657520777972,0.06398149450931158,0.004026685792148283,0.02891741591515789,0.09708241463884304,0.02836772157989653],"nyjets":[0.006148016753078387,0.006010472734017825,0.04789281565130013,0.07744132284839464,0.04931884830759195,0.05353566286307218,0.10533688615710653,0.009487248803023852,0.029543143819008896,0.14564720649067564,0.007297317435143279,0.009428581240722897,0.1881490977139232,0.01830686754689394,0.016908659286607827,0.0625756873884609,0.03372404207607731,0.009428136412714375,0.0894694651944685,0.03262340556096491],"49ers":[0.006898363328164975,0.007791288902605421,0.04748753317647031,0.049179477765375616,0.03601477254264567,0.2398299482296831,0.005543354999513145,0.014660762227404532,0.023318226245377657,0.12962557376466463,0.007861033835865155,0.0051601900918597406,0.15702535656865033,0.01438659571668954,0.011893885112535047,0.08394240526324252,0.002105528487714786,0.016571500220477015,0.0757936545147642,0.06157721567296367],"bengals":[0.003737530016628452,0.0070865293571204,0.0638670671322826,0.09272170105561763,0.03553713210138692,0.020184753154339107,0.017455474487144462,0.013938004766759049,0.021286052771735082,0.2520347245965335,0.11700629240376145,0.006405797598166592,0.0957667073388618,0.00995539854096434,0.014255458744485226,0.07582286186020316,0.008858137932257716,0.014114750116604331,0.09970927534261118,0.023070721940022406],"cowboys":[0.005597213244829886,0.002543006671866835,0.04156748175232439,0.08526687620974403,0.03719580914203971,0.05310326200564476,0.0051826256355752675,0.004387423633163997,0.024031103113829975,0.15236665812214448,0.005139865993194044,0.11233862437381271,0.14458467730387287,0.018400280041938374,0.022414210664699404,0.14225553814357625,0.004796326953805435,0.006364371185974752,0.09215739904600828,0.03670147753118557],"falcons":[0.007666945833902054,0.0029215682320247833,0.06229397054351571,0.11625795638494353,0.029355930160266986,0.03766482903519614,0.004063020297113508,0.024824462969423453,0.032074265780058585,0.15984888498044972,0.005657114423137433,0.01013747897473281,0.20139371270076017,0.08978738976192055,0.01647153456911562,0.04890594137675482,0.003369885055983169,0.009919671334132593,0.08576501393049421,0.04941778048426802],"buccaneers":[0.003755018162804603,0.0025142500327921214,0.05176379434879532,0.09675100251510145,0.03322315882802355,0.04598760356477175,0.003327663430373143,0.019921550041611676,0.028156220242325728,0.12058979007068352,0.004089992567882596,0.013874819881663962,0.1892746405078266,0.15986865468277114,0.008873792873958623,0.06616183322856775,0.0028430845536579095,0.021939463628833117,0.09068977075281447,0.03425714394798893],"steelers":[0.004775377233634961,0.007863446917802264,0.03499713691517516,0.0923839105230149,0.0869793620496096,0.03881205726900505,0.11207255541304119,0.009862619737007033,0.03353725718668866,0.15250147705840159,0.026441575021215337,0.0024216883066463762,0.15054089614967878,0.021049211178516634,0.013647495415577861,0.07803665568467272,0.006455142881720096,0.012600278430968358,0.08742745888418439,0.027594397743439192],"panthers":[0.008111819960941269,0.01067286974590884,0.06051742603680549,0.10395643630149651,0.0342319623853716,0.027051556491858003,0.005307864931153137,0.016893204926875405,0.023090180982111422,0.2240298804976393,0.008037052547726282,0.011360779236708236,0.11605648802929636,0.01782218727369809,0.13212888961635297,0.086751257127754,0.007077278640064675,0.014910242744476575,0.06575804047467901,0.021353131560938193],"buffalobills":[0.005873034016343018,0.0051227697620894585,0.061590466958718504,0.09933151791561327,0.04237742149756673,0.029224200155333217,0.01278869866740708,0.007473555952409147,0.040513300792827986,0.17967651611551402,0.007092024804216015,0.01265363150703134,0.15073088698170578,0.013232049359170231,0.01600136172501694,0.07818353218548342,0.111573251770248,0.014480619702921556,0.07585222590137586,0.03622893422900873],"gg":4}