{"detroitlions":[0.014466608993094342,0.026588508597743025,0.09351638415523769,0.10765165927819208,0.07560918119125824,0.03206102449755565,0.1369950300923378,0.08738525695268144,0.06862695101703777,0.03869699768288032,0.01311889366411392,0.026668293370667787,0.020492668937024887,0.026857629168978367,0.052893045398651264,0.012549743426191154,0.012616955424360943,0.11810344421535848,0.011620195359931607,0.021180032604321473],"nfl":[0.03109659976273063,0.051709685574800344,0.08085196569294789,0.09025196184323915,0.07887698149722297,0.06456365815279934,0.07724110325622613,0.08547481099513134,0.09690902211018981,0.07912621398111834,0.03485942403486498,0.043647299240014,0.02910879468143723,0.04583803603050223,0.02236568845870258,0.017519052851878006,0.016525771228016028,0.015841449222372208,0.01491475762074094,0.02066172486653863],"eagles":[0.015466772079208739,0.022750003189616327,0.07966295790661876,0.11139816762083116,0.14380577546732215,0.04271894109100075,0.11533329772328114,0.058644894384120384,0.0921026349177277,0.031073703677573422,0.010337745537153775,0.021316787137041496,0.02014657980966464,0.03453341268748465,0.010440451875768687,0.026555619632345862,0.011512677260738258,0.13108133577015876,0.008949672422388161,0.008805341110403516],"miamidolphins":[0.014711970718315653,0.03517682459571419,0.0946789715325268,0.13398760741197738,0.13731538513906152,0.03779191939569443,0.0941255816385059,0.06764071200751161,0.06967771450281293,0.030934930488769913,0.01651559848837455,0.020745585008966973,0.015259975524926186,0.03875159225183725,0.010563093403990429,0.01842804382563781,0.005401793958435438,0.02014236251839402,0.11640234648688047,0.015471840474051663],"minnesotavikings":[0.014349586944684915,0.029535651663025356,0.09720769938764617,0.12711998524302798,0.12110056302503408,0.04462589312954958,0.049979184651483134,0.08499356303123375,0.07007465508846294,0.039035774587784074,0.010123547802702908,0.02435040571031215,0.0302545285112707,0.033018402810069784,0.06478749559646223,0.010524650958458875,0.11238647734378261,0.009273649486756344,0.010946318438073904,0.014839212540105166],"oaklandraiders":[0.02421009009915029,0.02665707116412741,0.1069439895791148,0.13221339717988087,0.11969351935222916,0.043413909592318084,0.06844951889698486,0.07786302228024732,0.07091156386316816,0.026283477079702147,0.014514960355957103,0.030798650763351976,0.03446102558903189,0.04080744597107678,0.014512680585847312,0.009761042909126874,0.11820913052244672,0.012704316909234951,0.012342845630505708,0.011460462888619521],"nyjets":[0.01607091918658518,0.03162034458913383,0.08682250038472786,0.11893378537810116,0.13955576337362519,0.05076084210855523,0.09634217869128472,0.06944309767117587,0.06835872024834361,0.029228225411529425,0.02148796636912495,0.021418317074046782,0.0219407347032925,0.03529820267040246,0.012643601158594175,0.011628368394369435,0.015618073865544925,0.012730664047828823,0.12155993239310726,0.01681064656387369],"49ers":[0.02019169907164155,0.0271227599006058,0.07525386895713927,0.10254461591324215,0.11969921820838839,0.04805306215334592,0.16734551053729632,0.04568540831836447,0.09352998615414415,0.027286139154701246,0.011246133798112663,0.024968510739891106,0.016655343434235026,0.034596804696144665,0.013815879002073496,0.1318139866792512,0.008299719639656521,0.008683127834411372,0.008284224081352628,0.011590668392669102],"bengals":[0.13164456587882994,0.030798361363796916,0.1231918781151431,0.19696117161716814,0.0641977788568884,0.03902293236723869,0.04423650468976061,0.0851371997048721,0.08641305403364975,0.02839459816338098,0.014699511289748363,0.023083314648702634,0.021662429825074343,0.027636403812513012,0.019564742150510517,0.008722048996072903,0.01256553851611072,0.008989085698948785,0.010562043610285999,0.015331207918789492],"cowboys":[0.007984418862829256,0.028858878197283167,0.10045590928123707,0.1199794073295535,0.10429601467709729,0.038642783496765115,0.09493047996202816,0.08513381519650104,0.14115082769971654,0.021148516287257998,0.009719778182598938,0.016912291245660547,0.012493224892912103,0.03791808605574274,0.01300692047668613,0.11716903812532098,0.007591833136410578,0.014660251266338468,0.008308340637326323,0.016033415759965017],"falcons":[0.02370319456561368,0.034312403060998926,0.08747983510138697,0.15468443547901595,0.15247941992956854,0.03289907373567125,0.07220919559489175,0.114550563601143,0.06436369016743267,0.030769032527529376,0.008930435782518942,0.01746448804474089,0.015032186412279611,0.10735737303141436,0.017852617617743132,0.014079693250832285,0.0109820791762424,0.010341732982983087,0.008489113726879242,0.01981679303930816],"buccaneers":[0.018624460793050118,0.03542924049329206,0.09649453907969972,0.09633989278268076,0.11338353270384618,0.03787726142249896,0.08186980600216041,0.09122094560431739,0.07149528154408988,0.03914367120686115,0.007386344842252926,0.025902075428845185,0.026238813266907697,0.19240702511285954,0.011197473029667936,0.012145333540361071,0.008910746651114063,0.013173306875470674,0.006220972031309602,0.012402525451962795],"steelers":[0.12503812193514174,0.040367257088191805,0.09654724919341953,0.10504519157108758,0.10244499100078222,0.0790839925242383,0.06960616988014423,0.09023373527626634,0.08049316636707077,0.03338049908521498,0.011393950618197155,0.030851901527699628,0.015952023647960164,0.0447147003680805,0.016807071398466215,0.008812099286399182,0.015920441768878114,0.008033420882374678,0.011195536365305604,0.014078480215081443],"panthers":[0.01877329242295967,0.026893175988385774,0.0886503210423662,0.17740774112228325,0.0804987936800964,0.03360502096457493,0.05586648622889525,0.093845813145388,0.09261533222987356,0.03288893180971366,0.016864626683090595,0.027094803945511496,0.022379788677267656,0.026707143299399827,0.01838702634257146,0.016975103331025136,0.009428390084711353,0.011669997248916774,0.007537124351148498,0.13702963691367584],"buffalobills":[0.014308955014146444,0.0479575231351508,0.096415154705052,0.14577230677190112,0.1041072949655123,0.043827925741973604,0.06675326522159565,0.09662030754985157,0.08653094714230992,0.026066618831665243,0.03010807119111202,0.020569719382988315,0.024335542105825992,0.02219511244862456,0.01343071268419315,0.013011616272738748,0.010050154787767157,0.012339780804514429,0.11146769481146632,0.014131296431611049],"gg":4}