{"detroitlions":[0.10121587832926122,0.030412257060983286,0.006942621778860606,0.0036335744983938285,0.02265286068116721,0.01776654544493146,0.017599304581878885,0.06371984839304717,0.06424695123605904,0.005080211593611896,0.005440457389307943,0.014979505822890161,0.01546923478719757,0.14734790728636027,0.08779518000757121,0.009993625352104973,0.08921893094699392,0.004185241327596368,0.07876632462533174,0.21123204288406952],"nfl":[0.09397664462713542,0.03862053099229912,0.028143431777549556,0.01908435812271733,0.01949961222894926,0.05703211499750035,0.043131930440066364,0.05399927163620138,0.03527319041824295,0.030592788566938298,0.018033674474759398,0.026705004591040127,0.059727672110191324,0.03699757466383579,0.06394171989971242,0.04420886707824731,0.08445520468012215,0.021354014808154614,0.07232503240978165,0.15028136257802735],"eagles":[0.18015059779532114,0.02786727311198526,0.003159938804635651,0.001957792484670765,0.004846880546851993,0.0269305622674706,0.023917507122224225,0.046788918739753375,0.030847680633841627,0.0025445242467875247,0.1344746606622185,0.015679397342337746,0.020487893111384138,0.0054513407346243265,0.0985281705612608,0.011737756246629226,0.05254336711240094,0.015045095380799905,0.09247785417288462,0.20119956022236632],"miamidolphins":[0.1665728420074727,0.029061027247220494,0.006396030312157671,0.004862544282092432,0.0018825602958636553,0.02018434453939354,0.012828761546614383,0.061482147934994465,0.029280179498411593,0.010891893543026727,0.1160740878107113,0.009032799002330364,0.015949437205734697,0.004922674148469891,0.13615380524454285,0.016785675090110468,0.059844562010708716,0.013366844660242388,0.09083516052552124,0.18731647246676544],"minnesotavikings":[0.15208514785095636,0.03680548989583466,0.0063570348171632625,0.009062203966658775,0.13238675625756274,0.04349238471750954,0.01314197547669436,0.0628725497676113,0.012504525108223153,0.003386616897424491,0.0022354745775835677,0.0262399747565295,0.02234172479667413,0.007093513209519805,0.11107011013350698,0.011758079687375723,0.09073017656829288,0.004197300142109641,0.054979381911701056,0.19578682541099449],"oaklandraiders":[0.1388285514974796,0.026405125757231137,0.0047912456795213285,0.13963514195840837,0.010470685456825782,0.029144525757452695,0.021721800966250187,0.060802118788365424,0.017961566795791827,0.006601849183107227,0.00308912703285539,0.03591654369885005,0.016789391244174768,0.005023835228049954,0.12203305274100602,0.011538845673495954,0.0787538780109697,0.0026323190794029566,0.06734325424348948,0.19672926241939323],"nyjets":[0.16404660090323164,0.02546896997421982,0.005572307518553461,0.014730396218904039,0.0030167121284025568,0.03544206140371811,0.018637809196841503,0.05979805690440455,0.018340593050582187,0.011421943472701007,0.13111983034736274,0.016939466569038494,0.016469845135340833,0.005818979533756024,0.1189072850294835,0.016259606751651636,0.07347764750824955,0.0020765120716104493,0.09524182283998388,0.16548643772521113],"49ers":[0.1294055230019639,0.01681898776045667,0.005799643243453419,0.005776982366114909,0.004387404449571518,0.026496812180213634,0.018840080090872638,0.048398972536341664,0.2567675856540763,0.004049772477842949,0.005947402391275578,0.029290174781856537,0.017025941066637226,0.005984643299092215,0.08782646620284211,0.014591319895618427,0.0376741795448037,0.00454703856221337,0.09896622193468955,0.17807151522673054],"bengals":[0.08412722440032272,0.06080455904735169,0.12297943122638758,0.012427361523713957,0.005690728227224185,0.026660630153663524,0.015965495762862995,0.07525957911890821,0.011710517311020501,0.004537342133543465,0.005184761147044877,0.014995398207177792,0.012469116345487842,0.0030458558261895,0.15245489312931432,0.010735645766513134,0.08958700353456814,0.003033982067890879,0.03412468616753691,0.24702016016076284],"cowboys":[0.1261178459693746,0.01983961536778869,0.004956238076706709,0.004286077221016477,0.003927709128499158,0.02904266731367476,0.06707282833816729,0.05642386987586017,0.019690741011888873,0.004536688110424406,0.009131717734162405,0.005567847862486986,0.010943906818107288,0.003812241873476944,0.10270012437343762,0.015761145235561044,0.07258053816009075,0.11730253803356867,0.10100984027833147,0.2216900499866066],"falcons":[0.2584254406947162,0.023312797727096195,0.011322366736071867,0.006922897110493769,0.011741779463781578,0.019781958535855237,0.010770538592948546,0.06395095638481764,0.049760010642146205,0.0016861756515525704,4.2908052641426686E-4,0.020143753234749935,0.020386759438265796,0.01123152300390644,0.16154909569873066,0.016605824972061707,0.11114190753507425,0.013594269511853916,0.05795463485199666,0.1270855865156606],"buccaneers":[0.16938419838077098,0.030018350385460472,7.984468826739426E-4,0.005172983780698326,0.10350270669218391,0.025897433332518347,0.02154774041432971,0.06865945921014037,0.01686179350184592,0.0019794262685134466,0.010417594883915667,0.0352743401194073,0.03338385435633538,0.0028642080678273228,0.08190484717702107,0.016301969467046516,0.0904554263654169,0.009976491508547345,0.11225901149762171,0.16120296557097324],"steelers":[0.1219785352982956,0.025302275158778684,0.022543311624538664,0.12553690222223587,0.0024433372974179608,0.06998838462711149,0.016517040054691096,0.07052304502845318,0.013355202923933673,0.0051044910951979095,0.003343957009696419,0.016174595812481398,0.025238981702820403,0.006938074152991528,0.10279051146161561,0.022653274347028192,0.09236771685254065,0.003517335763756223,0.0768078737947331,0.17687515377168236],"panthers":[0.09607341913199427,0.03582840442850444,0.004210662762858031,0.0044919835677387785,0.004270228156043179,0.026599869463464335,0.02204117601701228,0.039960571531505,0.014134291718109654,0.00938578176585274,0.0023712499099765214,0.018813118800494553,0.025174062270489867,0.005300553294237886,0.1684784046431295,0.013796550094245737,0.08908667883706646,0.12666478960442426,0.04586833556197673,0.24256841795273085],"buffalobills":[0.12166764926306742,0.0309929424423583,0.009016494748235852,0.005291446060616008,0.003411352416389691,0.026932058448685677,0.013166689336571362,0.05248125064983322,0.015414069905315493,0.0190556261835589,0.09577913687709134,0.019723482915552936,0.012739723413463862,0.003897013237643757,0.1327174038052982,0.045792916425949334,0.09874423347278337,0.0041108533632542524,0.06416243615898128,0.22490322087534975],"gg":4}