{"detroitlions":[0.01768008207567683,0.02818265271418558,0.13279177536511605,0.012203884338939321,0.07552792407288614,0.13271717725360316,0.015727494766708032,0.05686400447275979,0.11860752871819571,0.013220571351433417,0.012154569377677012,0.016423496443700582,0.08020113711293127,0.028057724888910146,0.06589759917755199,0.033154202191146606,0.024175389158109684,0.01380605117089019,0.033768676948461,0.08653656242873564],"nfl":[0.01924628799363603,0.05472588767069183,0.07191697083251662,0.023731043928264087,0.08442616524114373,0.02150894696789539,0.02070244958349219,0.057141713596624115,0.08458636484246468,0.02396691377869067,0.021589841448502626,0.03028510987657269,0.08590492469111215,0.06602975325773983,0.057858061034074725,0.06386220819856268,0.022093879940761636,0.025046197005464284,0.04318862744115282,0.1195726537721087],"eagles":[0.011359721430015748,0.030822213485830557,0.10526987970442335,0.009677262078752063,0.05864717959811928,0.016849188172444598,0.015745891895171903,0.056618650208939594,0.10406603025402796,0.0091918386019872,0.025681332321813757,0.017621548799273322,0.1467679563441094,0.025182438112711605,0.06130582666550245,0.04134096454153711,0.13886116396817388,0.008236124795589245,0.03482389613568422,0.07856766418634156],"miamidolphins":[0.009761545232941421,0.03935372688647039,0.09486217193010041,0.014967827087532398,0.06326177794355582,0.0069593578200267455,0.008877413966028078,0.07697892709353037,0.1218432557521234,0.01496942687206115,0.022595977924794206,0.10839662661000916,0.13785931528703013,0.02429979202077114,0.0761863338819489,0.03867372190653004,0.028383922920489347,0.014337134635808354,0.024293476641169022,0.06686211695946462],"minnesotavikings":[0.12535328038522592,0.034285176564496124,0.04660560939825282,0.018837319117751487,0.08282823733275954,0.04183691737665687,0.01507483722554017,0.0679970125818636,0.11637674372003454,0.014400187032149245,0.013991451118091422,0.01633536546026219,0.11618324023898943,0.03283348798344792,0.06929691848122463,0.045333381443326,0.018314978962597293,0.014240548450300605,0.02772070695475931,0.08068184612219813],"oaklandraiders":[0.12074668718002649,0.02999587776434279,0.07023124739154747,0.030860259914083914,0.07590752515753411,0.013847505526126899,0.013008931787457427,0.07409390251728298,0.12175956064217928,0.020030006672186122,0.013674969186778307,0.02511903607082055,0.11140258399549853,0.0282736761607271,0.07534027907374764,0.047004488162225945,0.015219476234129418,0.013052999225746705,0.03741270938284956,0.05923039916683043],"nyjets":[0.017555508262046993,0.0391243133289012,0.08770223482191375,0.014687361747380761,0.07207100885897724,0.01524081299202806,0.015068087312055115,0.0640019667680995,0.09835518956483962,0.013854112940026485,0.011384809242225744,0.12139151559636607,0.13170606508183488,0.029057467840700645,0.0700241773546029,0.052989339909487516,0.028424498490836687,0.012928696356659877,0.03003668900537791,0.07266902880888615],"49ers":[0.009518645651433798,0.02812928255230644,0.13731030559722796,0.012318880160553184,0.03999248540697056,0.009784015703984789,0.15133364559507134,0.06150651734603896,0.09134232494695244,0.01416624921760117,0.014512599208990812,0.018834907226426147,0.12351983495184962,0.02885028240690976,0.05976094149199629,0.042795027773791496,0.017455180205615053,0.012301730323616087,0.03969638701851062,0.08353742388082053],"bengals":[0.01743187057504881,0.03216288191919982,0.04223644045648455,0.015233808531662615,0.079395457467911,0.013862810168863756,0.014438926726623676,0.08843661704073098,0.1716028382358613,0.13457943811831913,0.01388598221703238,0.018940807799241018,0.06599495736399992,0.022154010519118694,0.07236431637411356,0.035979702508973865,0.02186280148963497,0.015589985711535541,0.0369746879978868,0.07968603003524324],"cowboys":[0.010880426597969627,0.031290686635032525,0.093788885605307,0.009318410394078101,0.07717666684952541,0.00872740148594388,0.012477259333263416,0.05415157532899966,0.10673338374579992,0.010511849916948677,0.12660814337606582,0.009737409575635394,0.1009005649301291,0.023700646936240116,0.0759125256750718,0.03847787279865641,0.03369151185706457,0.012207102446091123,0.0715432374425475,0.08855866983886146],"falcons":[0.017714977104259726,0.0365088592663073,0.07425353162532769,0.01118945483719614,0.09222854619878317,0.016009166417032965,0.0932686243821028,0.08931644023557374,0.09612293731629172,0.013891600376452911,0.012689715731856614,0.02428109357603858,0.1543158321332959,0.0278057326079133,0.07448273215809875,0.029632319436044614,0.020557038357573044,0.024266386478964615,0.023458658004126817,0.06580371058495364],"buccaneers":[0.012945521525887287,0.0393533327280711,0.08668208632599007,0.014407827798622435,0.08307702426163875,0.008825390447619557,0.13793377643019608,0.05039077950031864,0.09457628307425094,0.011042831676643678,0.01645045399275136,0.0225314694329061,0.1319535222558866,0.03784003092160051,0.06918624065629139,0.0419759062625835,0.023475351067149524,0.01725159451831162,0.03630273144185365,0.06166109354467525],"steelers":[0.018417293437713766,0.042030572396578265,0.07289023672773756,0.014261522649298367,0.08190557461232073,0.011408837608384126,0.009430118293260015,0.05280160114575836,0.10834654652663975,0.12542269448527496,0.019154430332668483,0.018253814180286373,0.10051729747238639,0.03108320902827212,0.07402573558981612,0.08345624178323065,0.01732614420682847,0.013992644778073333,0.03350994924605449,0.0717655354994181],"panthers":[0.01443098721915291,0.030291185250958173,0.04790851474762527,0.014834701132439706,0.08511905281768654,0.016484486535664682,0.014720014182984551,0.08834081294641544,0.14905515147127493,0.015258546469279053,0.02288272236185461,0.0175436241317968,0.0821623963098855,0.03356248794645876,0.0534454035673672,0.037407846440714244,0.02382970980835967,0.1285408504668152,0.03706275272191927,0.08223730298320286],"buffalobills":[0.012094663948255938,0.05202603166745034,0.060953872879317826,0.025101974555672722,0.0953152337993207,0.009740197171814456,0.0111574222143666,0.07804019336612916,0.12375830197964847,0.013304562224166072,0.016271221206390577,0.10972395960987814,0.10326220172001925,0.025468484321861856,0.062450746153361936,0.043685934463979066,0.025572206063981955,0.015547991497332204,0.03111966299068282,0.08540513816637013],"gg":4}