{"detroitlions":[0.07464309043040206,0.01837694027192837,0.01232009804705738,0.01248604162105945,0.013820110423454785,0.05648900726759886,0.05008217777298017,0.011158006755524759,0.00981248566401373,0.020266514014642592,0.012988655073387258,0.122854351329727,0.06471026784771912,0.04885499695472146,0.021140554252222853,0.10564342665719405,0.05861807740848938,0.03036989257419689,0.0803686633690574,0.17269514629224034],"nfl":[0.06628934230683677,0.05179002126957508,0.03400508280630687,0.04723100405214947,0.03116572848387262,0.05368407748658998,0.07023887000217033,0.036225655717689674,0.037576116200489625,0.04274366720133159,0.03574551664668073,0.06310058847758898,0.053872247684151886,0.057968267367084304,0.0563725232478759,0.055993617282732215,0.03835481830716865,0.056407302642602006,0.07598126495208345,0.0326382889664921],"eagles":[0.04682760079613056,0.021714241975394996,0.2050611011285581,0.011635963898202777,0.007035365419201209,0.06360572674706207,0.09829882709010641,0.010881568063715832,0.011432732670017735,0.024512176293444387,0.007290982730044377,0.111849977406507,0.05657093043181871,0.046646032365807465,0.029641190211782995,0.10402003374975266,0.01343118461266972,0.021394726543794856,0.09140791230738313,0.0133784968590534],"miamidolphins":[0.07277009451264808,0.03131201837629464,0.048507825661314403,0.020404580094787236,0.008430960693279945,0.15067371693674347,0.07523130531919085,0.02962876761978607,0.008942780004274127,0.0169238471681246,0.018653802443785113,0.12857564710469488,0.09479023182176655,0.06010993603084682,0.02734662180679808,0.08936822177059153,0.008337937511683385,0.009411962608387489,0.08689000710455529,0.007413584782832464],"minnesotavikings":[0.07791476283488069,0.022241139395368866,0.009165125657151439,0.010437770189117413,0.18246121446961272,0.03832092575718659,0.08849817102448018,0.017249689624744595,0.010981898968363064,0.01973311490937184,0.011655149749099255,0.13652943567895426,0.07096454149277305,0.04149839757774379,0.02945833354841311,0.0473872906575538,0.06003909462828524,0.02589539564065991,0.0858782487276027,0.012217545418563985],"oaklandraiders":[0.07375083554067989,0.01964207257029775,0.01092941818311078,0.01230135571900084,0.030576273879130953,0.05697977716430064,0.07207233781047837,0.15789532151285351,0.01775606749887283,0.02933449148023267,0.010536708863792897,0.12498283530071629,0.08773022770619246,0.06748011038772493,0.030349423048813367,0.05862733497440875,0.017649104607567117,0.03430823798468948,0.06727736042228412,0.016032826556973984],"nyjets":[0.07413645128712736,0.028241335908649353,0.009772414075369667,0.020859598081039668,0.006491759702813077,0.06194509623179628,0.07178654053291315,0.17813907155475847,0.007939969819414854,0.020739205084158142,0.005772438602672864,0.11395577853581047,0.07985610678851993,0.04640178493508402,0.04466604796533646,0.08461879182309183,0.01768216285400149,0.018858312486413408,0.09123929382330338,0.015170724190973085],"49ers":[0.03478936925080192,0.02015271247640162,0.00868280794861512,0.01035872298890865,0.010451119683573994,0.07606174692415593,0.08009341080168464,0.012123759396175857,0.01707772358310173,0.023252673548466014,0.011722657969280199,0.08913390275694867,0.05965738296406561,0.054959134445148945,0.03325493682716545,0.10788800719628183,0.012489979691375969,0.015725595489913997,0.09967846966270426,0.21911255306189623],"bengals":[0.07463181172542986,0.022921970454434275,0.008420291464479892,0.012387582471231064,0.016432463430204488,0.023799686816093922,0.03990041796251929,0.014893636222795777,0.16271357896270125,0.021255346427296137,0.016672599273802376,0.20305238201209558,0.09257194741208358,0.06961592724561697,0.034549388685500705,0.049534616878139884,0.012957803298483691,0.013917726031458893,0.09356675583194986,0.009018438651167512],"cowboys":[0.06255928244315095,0.02389529253583986,0.17517656318029606,0.012357459980216538,0.0067651155554724,0.06898783685966045,0.05499794997022367,0.012160287462882901,0.01202385153742704,0.06284298019301908,0.014689570383204294,0.11741786167928028,0.0818875221187003,0.03517053372912276,0.02909855813631549,0.08934005377054174,0.011639786779876317,0.009759301821688023,0.10795765617399256,0.007666766458320153],"falcons":[0.09661731545164606,0.03043942739095125,0.014530354478508246,0.0072587425527121385,0.01607758390847952,0.04554052102231965,0.09396786615000358,0.118262629843699,0.009514476247653865,0.01617941151661276,0.02000350155183682,0.1431818717913268,0.07933619450337423,0.06592080914528319,0.022963068181521135,0.10330142112207323,0.020270673018942656,0.010402630700843421,0.06503003750223596,0.018998820748170372],"buccaneers":[0.0776675995244311,0.028620933507342572,0.026289313414265054,0.0067383870680074965,0.007107041832073715,0.06570360583611698,0.08627739621356721,0.19894732599277168,0.008529145678521442,0.027505054935260367,0.012432131124230507,0.1020153377978316,0.07724388485490678,0.043922502852288305,0.03669015326968652,0.08192119342617779,0.012308524191815615,0.020645454159922902,0.07284547386628817,0.004452788317741998],"steelers":[0.07905246398241192,0.030493928452123686,0.009984305406375918,0.010859129823793404,0.014727122778499831,0.06836025483612918,0.061328805559268944,0.014381692627397382,0.17037251338453854,0.02877719900908076,0.013699559563308015,0.10863595604979176,0.0877793184037873,0.038439961801372,0.08148915328536774,0.06151985852795576,0.011816476502291114,0.016126317357932237,0.0814048933039064,0.010751089344668363],"panthers":[0.08145703990256808,0.022853946041123264,0.024192183092744204,0.015339248216934295,0.013195623444783342,0.033466386472798426,0.05984628485673867,0.012335722013741687,0.010405482972001456,0.025862912597881062,0.18258025263454394,0.16804344565015278,0.05613606398600634,0.06849374383628958,0.03011881287326316,0.04426895509023356,0.021407349888832073,0.017229766564172525,0.09762109528829438,0.010264234088752508],"buffalobills":[0.10397558455292805,0.0943055529819832,0.013766469470947278,0.025623677311175302,0.013058480441200752,0.05659408208771261,0.0640885076305166,0.06711678844337456,0.010270222796369416,0.02195499943658865,0.011921946664956265,0.16264817930000397,0.06535097587847594,0.04884801429577456,0.029516405658181432,0.06475469114108562,0.0066457098850341645,0.019880429165643882,0.10935405730365047,0.01032522555439743],"gg":4}