{"detroitlions":[0.04124394321103408,0.03650421618322366,0.013012861256126256,0.014095423434211041,0.0014871959982262811,0.17483447039738603,0.08598917695528292,0.005665289213487588,0.02335774737281542,0.03315311612240778,0.0017909938456077566,0.05351353562441886,0.028076434502832186,0.027319539542774777,0.028791864395449805,0.08658343188946002,0.09431368144702876,0.019669224296685474,0.004931275183616413,0.2233650831555424],"nfl":[0.04016972857059111,0.058782286060054284,0.016718803173147345,0.030478179232860506,0.01714201888998734,0.05806517050476419,0.08983045712578619,0.014345398355474683,0.022402297377682043,0.06640477002014952,0.023180375733850015,0.05105442202245691,0.03460316745287484,0.055071238811722226,0.10230206980275436,0.07979484771895451,0.015526035879297757,0.060117551140906944,0.019797478217072888,0.14159770501108576],"eagles":[0.041847449299001645,0.02607985730284157,0.003438646550767059,0.01035589504410244,0.007137067555714496,0.08710150153660265,0.1804171991867035,0.007243402279593201,0.001681977503585638,0.05094559604969412,0.0023209615989287853,0.05678380370743091,0.03687721148778324,0.04237769558037995,0.030873542757353746,0.04397219169509895,0.1403888516086063,0.02047260579209248,0.022659408026216375,0.18366190673795146],"miamidolphins":[0.051702797578252815,0.054792127148551736,0.0016716050540009314,0.008988884424550186,0.0052910259860794815,0.06979736252367277,0.13398182732886552,0.005481951673872601,0.001357772646269219,0.032024716674549425,0.017171330076268865,0.07630876315184765,0.019942397001615996,0.17312799030468876,0.022608548797451816,0.06329957562201255,0.014294441826487286,0.019351691506860627,0.01774507512149073,0.204783964924996],"minnesotavikings":[0.06249688713898903,0.037727658172506034,0.135039377322488,0.008348676463796069,0.003141041160616136,0.032478628904592896,0.1511041958720439,0.01740531470968344,0.02370746682457459,0.0345700999896047,0.002360438449515274,0.05767362568626629,0.013021198498954842,0.032299267122628025,0.03859509358820855,0.0943348028280899,0.0031423022010529096,0.027379520990429913,0.004704547561545627,0.21899710246434032],"oaklandraiders":[0.03815710993299102,0.04132839071127748,0.11509225151620339,0.01454709568651583,0.008629076293927266,0.040808803745634524,0.13214854486089486,0.02880430172762424,0.004669867527343338,0.040444969574676255,0.0018243923919270633,0.0805804860411213,0.023399951559449194,0.07371404169247787,0.02724225918415403,0.07294655779602965,0.002935725588633616,0.020191039228294096,0.003988047719915882,0.22475920843303013],"nyjets":[0.0484017142187824,0.043368037615501134,0.003326274846149043,0.009685472024603623,0.007300221784081377,0.04660323103733525,0.13960552155462672,0.00623398401519864,0.003606191908010229,0.032383082984182535,0.02685893201933241,0.0669630757246144,0.03405454291868996,0.20330500071331775,0.036732739478818256,0.07375288574345147,0.005270576536780597,0.01548885815382801,0.004118427859048559,0.1912141131468945],"49ers":[0.0321936429040316,0.03640412358799394,0.004019450221195863,0.017454183395879508,0.004219182300262084,0.08212452405847186,0.14015447762033637,0.016921017627100524,0.003514266553950391,0.04903136280450008,0.0018722282980416919,0.05564590725399615,0.250426208447467,0.03002813378884512,0.031555198826560465,0.03797818865782645,0.005171301440278821,0.019203961251243233,0.0027500340309564173,0.17599927359772907],"bengals":[0.05639059315398409,0.04635826986857939,0.005459161614109425,0.01600398110046751,0.13600555654763757,0.032176824972274747,0.08046148878717589,0.007825601805484797,0.005018570384240513,0.04209942224281957,0.006041817473879823,0.09486750820956087,0.009897073651551725,0.02891524595240444,0.03134429421420035,0.07589398448341789,8.043521082652181E-4,0.013729443062764827,0.0014706440695288416,0.30205053755513744],"cowboys":[0.049646764675637604,0.03170885978003936,0.0031914082117555803,0.0057361572791241695,0.0031844241362384207,0.06578572260806502,0.12384404125960276,0.0035133787328604374,0.0023468652201640216,0.10638037788898316,0.0029722821105627817,0.05075363631059756,0.03345174924389846,0.04318874105009486,0.02919475026191074,0.06268986819564143,0.010155360878102919,0.014297959410453987,0.14382179576118562,0.21053008775431195],"falcons":[0.08746675560331049,0.04648829871820218,0.004688778765310221,0.021783595647770625,0.005317183039712332,0.06092401935048167,0.2618480480319538,0.00692933348002536,0.00401166143305702,0.01877348381167414,0.0018528450195615784,0.08103599254373743,0.024368134746435555,0.04936135648861942,0.023513617521847455,0.10085405900251762,0.0026910670548367555,0.017538720443951255,0.014500836037168653,0.16384957008802012],"buccaneers":[0.19446568552211332,0.043749402718342344,0.0027398606941910963,0.0172221064614543,0.001956855310457318,0.056956089169474935,0.17812863832184075,0.015242421537825417,0.00300427302061289,0.030850875074683686,0.0011886316073787626,0.03031360068175612,0.02712433936035046,0.06329997854580548,0.02878315084915143,0.08343519218609663,0.009761870393538907,0.03217472041505394,0.012950917696442868,0.1645146382966774],"steelers":[0.041859947613791894,0.04982609530535171,0.007309198692327704,0.007538085404347836,0.12130807703547083,0.040471243365212094,0.12297118467807933,0.013460498804166828,0.003024407119646365,0.037393507483515664,0.004636425012677053,0.04722525316382723,0.022933855249193853,0.07459584458686562,0.0731844580246522,0.08210789571022803,0.005589958489236978,0.030346618034968565,0.0021728174144002295,0.2120446288120401],"panthers":[0.07079935817632013,0.025588024308078158,0.003778802791906254,0.1181731196500393,0.003139309605523186,0.03767897116032212,0.09955020186205958,0.010020693345949155,0.006923911820046849,0.05191672273305394,0.0063659859023069195,0.08489250597330504,0.018761542451985885,0.026845743542684715,0.029747282316743822,0.0886585595500365,0.0036923395326427366,0.025508004511193717,0.015560983987781385,0.2675164862898757],"buffalobills":[0.05504855796346204,0.05255766356817023,0.007381588070916208,0.00997809356477446,0.0037969491266587156,0.053535501668276794,0.12683801841378473,0.011956414555799417,0.0024345379120794186,0.044378921725368156,0.09455860557892456,0.07188169736840312,0.014566098333237831,0.07125010259265711,0.0290116860243738,0.09711928009009348,0.008530279019581402,0.016509658472495095,0.004462231516453739,0.2242041144344896],"gg":4}