{"detroitlions":[0.003915667579348622,0.004305864293387181,0.15771881344329533,0.023834027272390076,0.02412079674759492,0.0046384984622587395,0.006651577036024088,0.16676525814987664,0.012332811003669187,0.08865773499065539,0.014486965164309602,0.06651891469738104,0.06620298963989833,0.0616954625466501,0.007603975167171414,0.012960801363896178,0.16212756979514686,0.07862728580468029,0.017960015739011112,0.016573475130972973],"nfl":[0.016336047986186757,0.017704244217298503,0.08662940206942314,0.05867222978765052,0.029070545177514052,0.03407073066095281,0.01500770138685283,0.11018849863880384,0.02390072974833884,0.0638209415459725,0.044977075526828204,0.09330987470811437,0.06546057902964833,0.06681440929662702,0.03169619759536174,0.053022853666687235,0.02517233712745996,0.06554988676231908,0.05535432762153136,0.040625388547900786],"eagles":[0.005113155701376475,0.1463441744344538,0.14679810123586892,0.03180404502891036,0.011627379526926522,0.003516664865501566,0.01618455560799507,0.192515711531596,0.007820807870759188,0.028614806085745858,0.01616927821309824,0.06134207260915297,0.08177817006524991,0.11405770833909472,0.009751107146667635,0.018117458645419093,0.015031150037587846,0.06622373343367112,0.020314095593363085,0.0035125953280099723],"miamidolphins":[0.10536724351185124,0.02903908084465188,0.1887588473263879,0.02145662962331667,0.016877515725596315,0.012671841003574751,0.00661039656876578,0.17932248921785027,0.008390767394986355,0.03187843129342315,0.02019358868647795,0.04986761871812276,0.07806414183450411,0.10497851757701235,0.013051329457082542,0.019484289383399557,0.01740167531030536,0.07340982738225735,0.014260477309062257,0.0026391412037565106],"minnesotavikings":[0.003756221813245932,0.003236790139739062,0.19552661595509213,0.03224434086211506,0.017502988251005852,0.004362594191788146,0.02358415067707823,0.10049067629549797,0.008210132764455784,0.11365265225313288,0.013911389396670573,0.054256517972615874,0.0356046528837463,0.20140281986182273,0.009409985237226371,0.06669467426529072,0.006960774391096605,0.08226317961331697,0.021320803737965254,0.004135285387024034],"oaklandraiders":[0.007334728268479499,0.003245734594504011,0.20282737134504514,0.03417777618556902,0.012502216582868476,0.00798353869403246,0.030548218998678774,0.1465411683070615,0.006781184069483736,0.05548182306630657,0.014365728003130789,0.03862331309648146,0.06745090966396988,0.1310762383355623,0.003910886219060379,0.031903480250847716,0.007474110592219322,0.09282751335944565,0.02247507503498392,0.07868110654439059],"nyjets":[0.12793816186852863,0.0059732014559364475,0.14328154794972764,0.022742039008317116,0.03205244225451884,0.015063575561458062,0.007952805694437886,0.20116342038282237,0.004887787551735206,0.03262467584061785,0.01807221906243303,0.05250876556107577,0.08595853227772172,0.10441570692589092,0.011461419932396627,0.030198092830283244,0.005029581005648454,0.07493680831740562,0.014042315198671794,0.007969785603619812],"49ers":[0.004001184286084139,0.008000737592828608,0.117335735953898,0.02551690143535787,0.013471630727334963,0.007029581043107439,0.013521392796756506,0.2112770280568138,0.005893268511660991,0.0199100037391052,0.02006248732201687,0.09134390924006477,0.1157551958248351,0.09015086583717617,0.005260467152070439,0.01888041038409482,0.01943467731249131,0.062183006519763884,0.02440932179619243,0.12322886113501337],"bengals":[0.0077677426073942965,5.272221116016275E-4,0.24119403006733195,0.0333939231260101,0.16434910695048058,0.009512513868515295,0.010366855486663305,0.1608480235072195,0.013082594501648415,0.04127244052858606,0.01892768724929979,0.05002193615361873,0.02715757264008533,0.049820076969716236,0.006214093532860057,0.034913712539507195,0.009238824344062774,0.09224188865678216,0.015153523494144247,0.006810602921957358],"cowboys":[0.004448045813626642,0.1185739453937752,0.14070225679953813,0.08528625009139515,0.026252190155749835,0.005213199734372528,0.003112114084495268,0.2134867328815647,0.009909568970214158,0.02952674081849776,0.020697813164603677,0.05692722226398882,0.08213985612875903,0.06984384702654876,0.013258778895896245,0.020894701573524545,0.010301739984515269,0.0744339002740071,0.009523211270207749,0.0018621154439502183],"falcons":[0.0018400938338737503,0.006660193569142926,0.18998554221625816,0.011401044733598783,0.024908516237362035,0.003759787191802256,0.006903785493811063,0.22509224144792664,0.012430752838847392,0.05791570211791715,0.024468598772276966,0.04568311032201447,0.05550696191335523,0.11990054837631975,0.008965267072253784,0.02174006756738453,0.013640200513454423,0.06424775900339132,0.09633257784113487,0.006414605766068294],"buccaneers":[0.0021953194741889223,0.016878415322658925,0.12607593429638128,0.027539727925486073,0.013710456505850134,0.0015750615177604595,0.02329657079965048,0.1964786617807299,0.01240494813435585,0.042508373994508235,0.023782618547689354,0.04079079713699653,0.08558457159755668,0.09781089298004488,0.01294430198779963,0.02015802247062626,0.0054952059265566105,0.0847236343271447,0.16178312071018822,0.0021266124270748355],"steelers":[0.007345252979386748,0.0033785091192910853,0.12789079121912955,0.029401889877775794,0.059244367734844226,0.008019958133810469,0.011614810234241863,0.15268652353161216,0.01171908218593145,0.056502015439690835,0.02675720240486749,0.054297228344764394,0.07962401690109994,0.07988626794441182,0.008303325800080507,0.08297422007646625,0.013324461018167857,0.08832018856481864,0.021445284408886024,0.07726460408072278],"panthers":[0.0023300054693008512,0.011906003261412543,0.22972532130020729,0.03567942529235288,0.0269302330454874,0.00997126112899514,0.011339139347400945,0.13370986226726297,0.15341844034533925,0.05893026571413421,0.015037553771165335,0.06604509013763925,0.04013869382722251,0.06753032378206446,0.01166549551545055,0.02102004646152392,0.005717119759919031,0.05891675603303209,0.029028782423743526,0.006078730628200975],"buffalobills":[0.12013821912682811,0.006199081274830334,0.18619919220802583,0.029666515124897198,0.022570499762724874,0.021203771409401703,0.014916070607665404,0.20037174776618613,0.006188639332941911,0.0450441123536499,0.041124379184188,0.0636713719484052,0.04950654663207054,0.07897609037531814,0.005896420908262598,0.02192610501237815,0.006901897171392192,0.06058418664943492,0.01123001241504167,0.007685140736357272],"gg":4}