{"detroitlions":[0.01369538689876346,0.004922287846058854,0.14892971672002814,0.00764262309562907,0.013322771769932249,0.0157078584812483,0.0067563221093857396,0.00977445850068808,0.011313428760611003,0.03234972034416251,0.0062023978185591685,0.1247877752068989,0.05433378401439345,0.08723476752759246,0.09077389284850662,0.007609760831033487,0.0610162215321385,0.07094676628659514,0.0068083474569146365,0.2235702159784782],"nfl":[0.03962559677813375,0.021623882825497917,0.023799121782270963,0.01831953580576528,0.028421152808451335,0.05441416817629122,0.023878625235789232,0.0190124886650034,0.01607844849474433,0.06783283010005192,0.0310221013304735,0.06979978655724678,0.05591729222945624,0.11052848406949702,0.08363173888465904,0.020878324455246174,0.05285966904043136,0.07306322590699521,0.046558118056697385,0.14011940989876934],"eagles":[0.005654878291712242,0.1464574865610142,0.005929207320750911,0.002822257102495103,0.0031473734166835706,0.018814147800031815,0.004985169778538477,0.00837094022684421,0.017832607412278968,0.034396972418160705,0.006586885004101787,0.11666983528830126,0.06620755114735657,0.16387280799028778,0.05364362820496555,0.0014234600918688613,0.04553598344727689,0.07647374938489307,0.013641044479134019,0.20417078593375207],"miamidolphins":[0.1001627405571614,0.026656525500800082,0.004788719938063357,0.0032615362926455105,0.003108531293861002,0.024317014801317326,0.007309735720437181,0.0036704855426163657,0.005486882523460935,0.01900942842395452,0.009683832282081277,0.0740324181535846,0.09444584036063497,0.15550908613747208,0.060602011064055335,0.007708080476909786,0.07585546803400349,0.08374182888044887,0.018500090047566455,0.21587359334131026],"minnesotavikings":[0.0033487654269494433,0.004047492116924505,0.008307737380245027,0.14890431220820122,0.020161375076172272,0.018842911901418007,0.00704948376152757,0.0064569428072509824,0.021570382028169296,0.028077735328616488,0.011599519543356323,0.03798182774355115,0.08058589761474369,0.15260101465846712,0.09669588861459659,0.004632369100131844,0.060318973550875725,0.04013946242818977,0.008062775299442647,0.23914237936109636],"oaklandraiders":[0.005768381422225301,0.0022263495795704392,0.019993791040559705,0.01678541942978784,0.005648644335280566,0.017611638095004187,0.005790785123324672,0.007104796278263395,0.030206678469027273,0.03108746100707919,0.15221252945714162,0.043904061226441304,0.06980502467818674,0.12181726281120019,0.08595725205959703,0.0050440949891487705,0.062410611468437203,0.06349899552963201,0.011399683481224712,0.23793866073098918],"nyjets":[0.1263295088324786,0.0036735138496443143,0.006996681986251244,0.003337511183554318,0.004020718469800582,0.021700807229512585,0.021459034629431942,0.004076923626469736,0.0056690501273384455,0.029600698030447306,0.019427944374509388,0.06798983437332708,0.08489364575265781,0.14861357552871984,0.07603003089726795,0.0045609127417640324,0.06650968513867551,0.08685801974045505,0.02752887494427647,0.1889959128266646],"49ers":[0.0036056024882324374,0.0048041800905344,0.008935118363749477,9.045709674074759E-4,0.005583144401200423,0.020080276062263334,0.00578764025872415,0.1590385737767622,0.011289599019184304,0.03944104381826354,0.007878701543689609,0.13312115567930047,0.06500039863044242,0.13745588221981994,0.035920566785431866,0.007135770262510632,0.050157926492551644,0.10811047523252842,0.006369350593872766,0.18604668998019694],"bengals":[0.004541494446841937,0.006966472237724006,0.005921776303439247,0.008085751388753675,0.004093504401040803,0.016223887252540575,0.12745700582952135,0.003435793536526197,0.010103129570062791,0.03890740840268764,0.02410472561187273,0.036287873890484615,0.10820517644615839,0.07786595938850403,0.09110632660090975,0.006909803771644416,0.061217361846613715,0.03257411162211357,0.010794576287020734,0.3180122324230252],"cowboys":[0.0027800044457532455,0.12407768302583691,0.004957577001330712,0.004026983189510046,0.004507690372715112,0.025835670751939488,0.016374521919261545,0.007129351678506321,0.005990492717369406,0.09180337893539513,0.007131497862285739,0.06944488421435296,0.06772065728520428,0.11115536776614826,0.07723267725926558,0.007981995684525584,0.054152479597383604,0.07518977228068384,0.012373782151640719,0.22652776263012256],"falcons":[0.009939192269781965,0.013167937185157106,0.007325333653574176,0.006675177393156875,0.0047982361228234936,0.022378840151938344,0.01147532477266321,0.015749050480614646,0.011900616363731327,0.019862202710593937,0.009822778858715813,0.091804076361112,0.11852077280214063,0.2108658841942515,0.11978530629154988,0.014210785637350615,0.07502913334414112,0.0660990702336484,0.008759594090457528,0.1596280439107911],"buccaneers":[0.002269288114494636,0.13338295986051488,0.0065368944660510785,0.00772628090258528,0.002761418509479811,0.02603113338845405,0.008649349037127779,0.0041164794061633704,0.01720802552687518,0.03160150968050347,0.004419241159177679,0.06064388392938952,0.05976573587461656,0.1754467957980477,0.093933229388662,0.0068123047341642215,0.05707978156123527,0.09172609483813837,0.009883160530987332,0.1978696811565797],"steelers":[0.004857403721900983,0.004081514534115568,0.008589322795414614,0.0038184148152963075,0.00479896351720435,0.027868543092547896,0.023940742509507538,0.006752728581974188,0.012763674318092146,0.047165201278878056,0.16220887557510158,0.041535545068107776,0.06610891928438392,0.1180734832510737,0.09093822453977377,0.0029318672266029533,0.07151172679924409,0.06983689707440496,0.030799768739684544,0.20141818327669095],"panthers":[0.004524047765022136,0.01112368244382307,0.007327500260359689,0.00418290050782067,0.007805916306143561,0.020759920540926756,0.014254736188732103,0.006033506454141637,0.011059661194100597,0.04167319902836557,0.007598794293579026,0.03662603394106154,0.11002874128513536,0.09783131924098075,0.10031843309982474,0.12525363248078028,0.032201608623127875,0.047636549253974474,0.013881564822221594,0.2949968017817328],"buffalobills":[0.10653442035056418,0.005636181403974665,0.0057175887435302886,0.00522759000680643,0.0052336073158411045,0.04147371992755155,0.010994905269908702,0.005646940943380654,0.015747568330778113,0.03690036910241352,0.00999531058598867,0.060888726235264395,0.09021996181396152,0.12515389374595334,0.10566618747589139,0.002447630277098952,0.05275495317644269,0.04696036054706594,0.02532830970307422,0.2414717750445095],"gg":4}