{"detroitlions":[0.001420727440146464,0.10436486040168333,0.08208383825377126,0.006423599789978161,0.004584091035938991,0.04481275083916138,0.11416031034183262,0.005934851903315166,0.07313290888400183,7.340237311329195E-4,0.10655065796487471,0.016860062913795337,0.0012468926836985415,0.11865694519810664,0.003252920105705843,0.06898006750807796,0.0019907837236539045,0.0020761706466835487,0.10358626500490933,0.13684577565715034],"nfl":[0.017789643323251936,0.0739913505081825,0.07299216627100504,0.049279910851638006,0.014158620411375743,0.0693968524898727,0.11022586384951577,0.02129113700650278,0.06782126478307249,0.01724078886223743,0.06232451045281146,0.07537873084476075,0.0191904302322484,0.014230364049059838,0.01720854210330826,0.07995312758590598,0.03243056142648354,0.030499132708984317,0.08226232776914359,0.0697186755721116],"eagles":[0.0014630736167161027,0.08393072828659562,0.06357180732455528,0.0102552257906072,0.012629726060567115,0.04365320125337807,0.12523770224739275,0.0010241186693313669,0.1346261796269676,0.001663777051500561,0.08120627820676732,0.05951056905482062,5.720849429275813E-4,0.11927411328924267,3.162805624620474E-4,0.05611514393581895,0.0014345883160273454,0.01380566507579265,0.07281916385323069,0.11352734413574729],"miamidolphins":[4.977328889274387E-4,0.10213412352173808,0.08934519881733378,0.018313619857384642,0.0036750230367603443,0.04786973510102407,0.10178356122320872,0.004280351377740612,0.11470187451101851,0.011475199135874642,0.10360035336537178,0.1470578911380645,0.0014213741849385684,0.00738796118240872,6.561456200344552E-4,0.048577452107555166,0.006164725944403917,0.005720362422395079,0.0885472758329222,0.09051388810327982],"minnesotavikings":[0.0013129873010985407,0.10033233634445676,0.07669023020982477,0.008446331155324237,0.013845315572232366,0.05344025571606449,0.11538261620924836,0.005246621854120459,0.11218963485013606,3.5911634207321083E-4,0.1178282457550941,0.05077347148527225,0.001121837855373786,0.001019581272220477,0.12637975730150305,0.05751141073401994,0.0012454448567221137,9.076240542335817E-4,0.10057946434866648,0.053914962732241924],"oaklandraiders":[0.005358019323494475,0.11022364201235514,0.08944600620793913,0.010120017418605552,0.02463084190869867,0.04105794296351782,0.10222957939545455,9.367496652594302E-4,0.11021425571024453,0.003325190713038037,0.10070123627097902,0.06830456190707336,9.531137231328709E-4,0.0023304097674001767,0.10782610369394607,0.045508929311764916,0.003112560605812378,0.006418727209526798,0.08955513825833035,0.07395909514554853],"nyjets":[5.496420724116029E-4,0.09819086293078197,0.07219230715747796,0.014923046602608896,0.006816809242234224,0.0385807237271419,0.11016402946682567,8.80044630802267E-4,0.11727574491226744,0.10982281835881137,0.09907211613751457,0.0799395995091248,0.0027965200475854554,0.0013593728148030165,0.00233226085793732,0.06417686758263576,0.00935461954983293,0.0012096672691384025,0.07939828350391796,0.08923754790939381],"49ers":[0.005782344396578939,0.07725218073652662,0.059398955130458425,0.010100715909457552,0.005813928240259361,0.046945855922342905,0.12288095182901873,0.0023750270844629558,0.10678417820921268,0.12261847856511247,0.08084544993930935,0.062331881493201485,0.001520877748533346,0.0028295010568504574,0.0012269513765717779,0.0763984436249649,0.002185021735833357,0.0016311741627591282,0.055715241385234295,0.15202950811997853],"bengals":[0.008560162095548843,0.1361453202982293,0.1090859534622145,0.013165014958445347,0.006963084528704328,0.014425695858798061,0.13680796814346952,0.0019234543923098758,0.033054209755144795,0.0013600768956923727,0.13607304785940566,0.020319179094342374,0.14275912415617087,1.8257813988646965E-4,0.0016773748973009845,0.06860684924957391,0.0029449555935645625,0.0015765410882982935,0.0973304309584777,0.05985334983190777],"cowboys":[0.0028371609592317154,0.10408304339232509,0.0614688895057252,0.01339255831585977,0.002008689839760285,0.038360816239275806,0.14167843834931929,0.0028982061736984423,0.0952012118661405,9.080743606455177E-4,0.09593841859520374,0.04976700441709958,0.0013923784618053608,0.0049207394065019314,7.87105603367847E-4,0.05693840101098464,0.0014304049080575431,0.1262815150724445,0.09252540862211683,0.10357576566966789],"falcons":[3.9725960977745673E-4,0.09132876580265865,0.09872714843946002,0.014952720266575275,0.0051736491137397145,0.0419166333705619,0.09411751691221618,0.003724454348877662,0.21267138762423948,0.004322631597370006,0.09890012076890205,0.06614408347973971,0.001247824553138716,7.646110866378887E-4,0.0029816168505959325,0.045126752550944796,0.001133081009556262,0.0034152218004489354,0.12898630391967053,0.08176557372308269],"buccaneers":[0.001058167017420977,0.09387821030744402,0.06126981286698791,0.014657994844998247,0.017362658518680227,0.059876956240212546,0.09463835127419028,0.0014264383482185479,0.219109580197777,4.518032989029914E-4,0.09110722153340714,0.08510382124938462,6.456133955055506E-4,0.005427665052449431,0.001624791406764485,0.05216429112684167,6.821825807230256E-4,0.007082514681080259,0.1016338885007044,0.08866128542155467],"steelers":[0.10851436491962003,0.10037080254534889,0.05842311559367362,0.040822761862141066,0.007457213076426548,0.03987993783748117,0.1090677187636109,0.001556775533428951,0.08282724460928972,8.81356677944976E-4,0.0897016051053229,0.07880981617714303,0.03365693872979565,5.360610581694867E-4,0.0028936694009683147,0.06854085500390539,0.0035111345335739905,0.001939632497959915,0.0937743776923471,0.07683461838184871],"panthers":[0.0038556689399076856,0.08157764573881299,0.10072789011714896,0.009402864189208498,0.008172432771468743,0.04303771865189643,0.12805770541572337,0.11868905059653671,0.07975841715250698,0.0017358627426425277,0.13669538899058847,0.05157644082854553,0.001945885943997501,0.0011664214886577694,6.113907511616918E-4,0.06276997491683878,0.0035163659474476846,0.008236874303718276,0.10104621427212895,0.05253833575291829],"buffalobills":[0.0015463692482284492,0.08695883174010569,0.0884735039493941,0.05731368771202601,0.010727005276520039,0.03489808096627304,0.13152807061589253,8.009523712141391E-4,0.08907503257147348,0.09206330032077181,0.10734942375790554,0.05295373088691382,0.001795635417791588,0.002004948519657871,6.760701760544289E-4,0.0612038872790368,0.013238684931668146,0.0018977248485708828,0.1052069940723965,0.06028806533810562],"gg":4}