{"detroitlions":[0.11095139450799109,0.04587516061971335,0.030721554486271386,0.033082230591456346,0.025867045903966213,0.06120902345449768,0.04982912308074399,0.035741080281902746,0.05756609860749404,0.06087206658690401,0.04367680539031034,0.03190424588527349,0.06090660816235431,0.04191046400086529,0.03677857162606912,0.03459418652246484,0.055947541323366365,0.04980355693865493,0.08251567521359335,0.04794607084372564],"nfl":[0.032116129163912994,0.07228274833444175,0.05303445453356062,0.03393331692629243,0.050796306706385186,0.05875480099521492,0.03519218340145887,0.05362077184032087,0.054077764089339245,0.05230800878262486,0.047567986436318134,0.03953066694980606,0.046074798139991324,0.03353470191055929,0.04231454081834933,0.053232597893470845,0.05678622830658604,0.063987679240714,0.06258722464207937,0.05565109199004607],"eagles":[0.024649627394959447,0.04286213974664948,0.03471399022432579,0.04933078803748389,0.0265039803982351,0.04214283684387861,0.024126062087518076,0.035799800935277466,0.04456855538486095,0.05481607406733449,0.06831764143851787,0.027907933093534492,0.05332501972247816,0.1705951825350496,0.03361147090943277,0.039457929813110054,0.05389728135604753,0.05501343226476863,0.0639390137905002,0.05105801125648642],"miamidolphins":[0.042014275429517856,0.09090084793130392,0.03528321152048329,0.04565170375330574,0.03427457606458089,0.04456803010054318,0.02934472824220592,0.0370575663702137,0.04712389253282305,0.07313460773038725,0.06852665951954516,0.03291052399937448,0.048549951238129295,0.049085285999100475,0.04558396712229643,0.04613946129712576,0.06524251381078794,0.052608058162199954,0.06101240431066598,0.04471158423779473],"minnesotavikings":[0.03318261716655951,0.047145356041346925,0.040095865033310724,0.03297495522562974,0.03008691495146564,0.05969013370671072,0.13223359134236462,0.04548278422884088,0.03994358065872506,0.058866852068443394,0.06281733791377533,0.030546466062847284,0.03653390866423646,0.03045745630450457,0.045564123891595205,0.040288917978227964,0.06080942260406611,0.0538794284136002,0.07358540514652019,0.04434212854715765],"oaklandraiders":[0.10520190106173133,0.052805329707485534,0.044116415845927744,0.03411069562118915,0.03146924055874772,0.050991928702142135,0.03969132705576065,0.04480431159950938,0.044994764703120076,0.07157471979772302,0.05837710434461393,0.033645460685860544,0.04814804640013214,0.034260581139822166,0.039588200213693046,0.03852357853675224,0.06595919986005505,0.041272977854839056,0.07049586739776505,0.04618047012525279],"nyjets":[0.12064459210093732,0.03550009596588997,0.03562360713486891,0.03191382265885687,0.042086603767221585,0.053378318939014215,0.027923646733538667,0.04771849914646041,0.03885419057613633,0.06379009127225993,0.06783783378879661,0.030711606982288548,0.055455049538231466,0.03920958625578745,0.04626707326422927,0.04410727301184939,0.05926101591656444,0.04973788299535513,0.06382211797624407,0.04442997625871672],"49ers":[0.02721626174817752,0.04112618688392688,0.037535208384706635,0.02975117611570589,0.026169904431360292,0.036177051539094326,0.02441949120409905,0.03912491185319661,0.04977956584251337,0.06320351024869622,0.06349898738954791,0.03234780897367786,0.18682103235914974,0.033575458503154014,0.034714638890258775,0.040150818856537325,0.056955536688576794,0.06212979981024678,0.061335007583526294,0.05063430936051523],"bengals":[0.02681172834638053,0.041058897359238546,0.032172553811757314,0.03804480831584729,0.032793326925544784,0.058987653354951854,0.02987019099196955,0.04716808356292382,0.03886909884302315,0.07934588538794299,0.04002094688329278,0.03916237078623805,0.032364159729318186,0.030068104203769333,0.13201031213321082,0.03691833320629745,0.07566165970924867,0.043604073326141427,0.09171726967605912,0.046164914704329964],"cowboys":[0.026935091067766363,0.024356135033187225,0.03588338486263897,0.14797121807626343,0.02598941663680528,0.05194791115594154,0.024958253504968417,0.03608509076703707,0.044905708559743455,0.05658158253849336,0.051985833598271206,0.03094209453607671,0.05830303569245013,0.040958664332851925,0.040029765060365374,0.03892994116085871,0.0637973779054294,0.05088334067799919,0.06303180059034669,0.08191858501173706],"falcons":[0.025338175383657457,0.0426452592847471,0.0409885440178441,0.03802548995772919,0.027684307041130493,0.07392146922309417,0.035148968544481775,0.03486024579247183,0.045103282485779876,0.0789596598266562,0.12218949701768968,0.038434883789476626,0.05421101746916388,0.04159753291010426,0.0436051150473873,0.04184214598670348,0.05958116324971765,0.050928000394893695,0.059772359443078696,0.04296023996238623],"buccaneers":[0.02469063104465113,0.0519541044894818,0.04498912165270047,0.0409758603687934,0.029489110209033286,0.0649527414287431,0.028055536749090504,0.0400022919310534,0.04689437572298031,0.04766748185893962,0.13548486501182858,0.03937127100951873,0.05847174837235874,0.04627406918620206,0.0433961215541966,0.04362084042905447,0.05882415185397337,0.051410843252057616,0.05322011191591863,0.048117969822672135],"steelers":[0.033121496014197734,0.03795953944848986,0.04742753109680352,0.03065970092240817,0.03198927704780624,0.06541688694286808,0.029332429705106477,0.13635589805350695,0.04363145614919948,0.05360393295446216,0.04791768432871553,0.03477140132241301,0.04609907686929198,0.034455435018248826,0.05632150299929415,0.04116556342375664,0.06630864586355781,0.05118584593468388,0.06567929330155896,0.04659740260363095],"panthers":[0.023509527637523,0.043851707394672104,0.034822588536796074,0.04470503902871814,0.03404856516149291,0.059094588062040494,0.030628922443457104,0.03416071409332724,0.0467479185424991,0.07794290228827325,0.043637023600665424,0.12312363352001764,0.03437896680529178,0.028302427912420092,0.05823541381906924,0.03745298109430404,0.0576901452138127,0.0497047930441272,0.08167385622106824,0.05140683509228064],"buffalobills":[0.10379464313049652,0.04242209167258573,0.034934841388816494,0.033570920525125704,0.05222201098573469,0.06297222381101211,0.02671113934289432,0.04120651887530877,0.03901818075680846,0.06882778902635633,0.05407090941411118,0.02749600920361993,0.03838376170315549,0.034048052636216054,0.04563762315438555,0.05757699403738495,0.05646353986157083,0.052823837270730305,0.07753859509984255,0.05028031810384435],"gg":4}