{"detroitlions":[0.09525258858623495,0.010598775275325913,0.19254937286144544,0.01971733310413967,0.14311182173394751,0.019321841798761955,0.033987886536346254,0.008535170918601396,0.06968560219543088,0.005576179424286114,0.14565936749041355,0.004767670831625111,0.08417269902117631,0.008638024257580304,0.07772708081115329,0.04094740643403937,0.014938770294035906,0.010920455230534696,0.004225985981098234,0.007364471241441314],"nfl":[0.0776360246958308,0.036746261813192196,0.03134175460077922,0.06482439310375757,0.11831313895147466,0.053827054461540284,0.04878273717790878,0.03144475388297784,0.06260795880193132,0.03739743673651284,0.08019089246643613,0.02754715865415919,0.06366478990161269,0.017878540367535636,0.07669215048756825,0.04617869127080009,0.054504632057228324,0.021169211737328535,0.022159146997201423,0.024477272935695057],"eagles":[0.05516389976796073,0.021952299128998508,0.02617333599949798,0.029035069153075507,0.167694581768962,0.028369822171602496,0.03497710899316261,0.004288400467096849,0.09477816818693782,0.0037606359542859116,0.1382195717239119,0.005374419479995753,0.05652707257184717,0.011190263944915667,0.1509509936327351,0.00785184027499218,0.01701963626120595,0.13332029859094072,0.005273982716002612,0.0047153705123213025],"miamidolphins":[0.06745436618832835,0.00765429308248599,0.024674009531740256,0.023946706976615707,0.14771757733039725,0.015418117309104917,0.044121496960164854,0.0024503556266416986,0.08122952181742411,0.0117163535540186,0.15983028076655695,0.007508417217638808,0.0761965642826103,0.00832026406224188,0.14437712175651024,0.006026159519214765,0.026230589591776,0.02377482325230812,0.10477680921421112,0.010300021332394967],"minnesotavikings":[0.09411612100901112,0.011958120668589874,0.010540107668623138,0.03446563289736977,0.12974277163547135,0.023757550863768406,0.0343689962538495,0.12663163096254648,0.039087238541843934,0.005672444530542591,0.1820536286295079,0.0047001362487740185,0.07922030176406371,0.018135168336112728,0.13324973096401826,0.03376744618145053,0.020749735013737128,0.005678217532668565,0.004974076813426864,0.005658189434550518],"oaklandraiders":[0.08503883996252104,0.02095682455487236,0.014032584915056795,0.024075991672332583,0.11377135540651288,0.029276552174032886,0.05544135196468062,0.08696521882609637,0.06270302685121777,0.008327137078301693,0.1622350724999772,0.015224430785149332,0.0831718792587946,0.0291860147190962,0.1638455874268172,0.006566354860747055,0.016266848343910817,0.0032976693842597772,0.010201135827527996,0.00562824470021586],"nyjets":[0.06783247207318706,0.012568729913299747,0.011996016200407187,0.019663131889205633,0.14294065533497183,0.03839233867226426,0.03940686285692708,0.007334419482897888,0.085925767140646,0.015901460086720862,0.14820618069951405,0.01027479096501034,0.07462471814783825,0.0053311260612217545,0.15725851738207225,0.003345812077059831,0.021568208537159784,0.005806692015448961,0.1251768128634168,0.004718171883977482],"49ers":[0.04437095793396159,0.015482182855974589,0.029793024753253586,0.02604157358088931,0.1802002717119769,0.19545773186308601,0.04051345365969846,0.004035032756360858,0.11214990947860587,0.00479284643495422,0.1024108987408446,0.005563878678596843,0.05414101385148018,0.01583664346648009,0.12719345482683714,0.006235138031379507,0.017259596070573688,0.004122527922815892,0.0035572055877111674,0.007509324461186633],"bengals":[0.08424146796100872,0.013851044546060922,0.014212296775361262,0.01833043849350485,0.14752576691275876,0.01910925176154118,0.045180636819786006,0.008253101321468765,0.03034368565844724,0.007191563072137306,0.2514275290275993,0.14947324831535902,0.08833922448101456,0.012948147758159246,0.06279556452566663,0.0076516122060230705,0.018755663036779644,0.006158674437994145,0.001951755053559057,0.005073699093255194],"cowboys":[0.07457128686013895,0.05212610179966046,0.013920192792739434,0.01894799110795819,0.17562192308819904,0.015801152208085395,0.03152349175565628,0.005343868684773576,0.0893425025766203,0.004828319569597316,0.14857104600400722,0.0061436711260351145,0.08527310046194335,0.006981452117114059,0.11208011263970576,0.004137720295020141,0.021362314636764492,0.11595339730997309,0.004334317216012971,0.009530268519225761],"falcons":[0.1211853215881035,0.008134277629955184,0.03278646377462655,0.0332547248870675,0.10713389904632892,0.03946176220032443,0.04888339390863379,0.007740028023389995,0.052379884495816605,0.002887500401405014,0.15999653771109365,0.0065658529185939046,0.06811022429776653,0.011230587506796596,0.23199565292365354,0.009498858102005188,0.0233466815459979,0.009181421934660712,0.009127280533569109,0.014897003398405332],"buccaneers":[0.09604193316674114,0.023278158697444994,0.013697155470049039,0.036564474165724975,0.12844251272357438,0.027836453717143137,0.02676136208100655,0.0027526654121749878,0.10073549417550089,0.003339199851240742,0.1286694591713836,0.0021934490628966567,0.06551678811053833,0.016152460378050185,0.16214453307517082,0.11872569397612705,0.020098401885009366,0.01546146728914765,0.00264953742879057,0.00680204802553278],"steelers":[0.08523526461931354,0.017678661135575296,0.008851902279171438,0.025434221984225534,0.1341206373502145,0.05172023340625094,0.026123465511230324,0.006587329862738618,0.0737234550841569,0.009442571159493313,0.13431790118532905,0.16251194717389325,0.08333150224628405,0.015432815866315775,0.12104913401753757,0.006358312571475775,0.029111359355074754,0.0026897050308897397,0.0029528075423957334,0.003326772618433901],"panthers":[0.09639690962664617,0.018002232097428867,0.008978291814701568,0.028799595959532825,0.14908502117358147,0.028509877558877877,0.04631677554446619,0.005747455411239892,0.04030814575519759,0.009786353019909409,0.21952169040484293,0.009898054159818898,0.056868816514980755,0.011594409965253164,0.08438120924406244,0.0076207558302076326,0.02040933991332941,0.010239418532206444,0.0021841715001552748,0.14047002548541562],"buffalobills":[0.09796543562344359,0.012760757365494563,0.012593014490738238,0.016899029213284435,0.1662446517662033,0.019581006972984955,0.039894537571381644,0.004056451283526632,0.05383491004493369,0.02099417508189488,0.1847219045503748,0.004827475876882654,0.06477538513921136,0.014345499343263887,0.11004547607247107,0.006343220545619579,0.04433802328509732,0.006595580192473186,0.11640148267195849,0.002781982908762166],"gg":4}