{"detroitlions":[0.008323856190740067,0.05583546968888093,0.0043466422839565115,0.00438471480302096,0.1764603168011114,0.015391063278289456,0.1447661413921928,0.004030506023308278,0.03117496255170902,0.15000695222360622,0.17431477050948307,0.006451012713401819,0.01362851597189977,0.045775363089112626,0.004482934133641993,0.14214064691951142,0.001515576455193679,0.009138585599892874,0.001072446267221944,0.004458027131443569],"nfl":[0.015064214039518003,0.07970734997334997,0.017396446064891203,0.0427221219436746,0.14144115959479245,0.05765180635262705,0.08404929909576332,0.01744177038367419,0.07755192123280995,0.017577210044720317,0.07679125383041857,0.056386837969281726,0.04945377375177312,0.07021406630619564,0.029786065376407503,0.06914995308329906,0.030348548511806697,0.03231250683869956,0.018132459359407906,0.01420523734836141],"eagles":[0.1495074807396784,0.04045485573159749,0.014448890455876834,0.0050752398041106535,0.1935106093149414,0.016266402824406192,0.11658455596501915,9.04626226152761E-4,0.018571345727093624,0.001625958205646348,0.13238108911150154,0.014358780263143174,0.013088804889203632,0.1585382238708068,0.009544240417470602,0.08589965132900274,0.0017489404838861467,0.008677005023194108,5.340619938452452E-4,0.014916008923871588],"miamidolphins":[0.01420621474451538,0.05339960240429871,0.014267257358618944,0.0036997027860412,0.17008961634855302,0.01092495406180467,0.14483328909249216,0.001600631670125608,0.02818850839720235,0.0019165914909530096,0.12072239823751796,0.013087317529047328,0.017271656213035322,0.2510854124892493,0.004051275323361277,0.11225382627225347,0.014960521206713236,0.007829619238898458,0.0036280490632970164,0.005707405444406559],"minnesotavikings":[0.0030645816991774475,0.0678877708740678,0.003709722831070355,0.008280754265660125,0.1861292255285393,0.024827630423338944,0.15545294572696672,0.1606588170613993,0.017191241915870143,0.02057310339887279,0.03490418811492065,0.024309208190936137,0.014072438621239436,0.08607330128772477,0.0037682400556039324,0.16047700643250917,0.0020050934946442664,0.007139598534925897,0.0014291912817271796,0.01657318621073163],"oaklandraiders":[8.160224061139989E-4,0.05401793730109203,0.0023209125179297326,0.007446140249259285,0.14039997652467254,0.01289724530716109,0.1445263572174516,0.13921340861673737,0.020544302213238084,0.0033666561756717853,0.09540112927627806,0.018796462118212884,0.009945565048721284,0.13299607847724282,0.011835128099831768,0.15575217330257715,0.003878012142287009,0.010030217736170015,0.006773808043584331,0.02525458843788821],"nyjets":[0.0036310599711625543,0.05809874256557568,0.010551498300998588,0.010724343225264294,0.160119734292448,0.009063909794172475,0.13927472291101678,0.004968228143456091,0.02205959704385009,0.002280488990148725,0.12448293734361263,0.024429763195639487,0.014286866763857192,0.2764200234954254,0.006204177968513293,0.0872911299202102,0.023464396318646764,0.009465964890797741,0.00615363568661078,0.005301663461840124],"49ers":[0.0032089767219848206,0.027780489334556666,0.0037638474466033752,0.010842145623716767,0.19223086111622695,0.014607952128106377,0.12381652355612675,0.0024023511602180923,0.027769934751443383,0.0025525449314572858,0.22503507969751077,0.014566619184501039,0.012624868690414284,0.1336642932632867,0.007101300271851387,0.06580655380637684,0.0021569051231578634,0.11700556408985646,0.002029099698177805,0.0077007560710932906],"bengals":[5.214175484948032E-4,0.05651140845145114,0.0034320815472108235,0.0029616859394672795,0.1983429382802329,0.013343681749755091,0.1818934647165233,0.002083145661656917,0.027634244159645965,0.001740970549616876,0.029192609705993185,0.01779203419348082,0.014936053924537097,0.040744027194593684,0.005182518776073596,0.21526195533760678,0.0035193018141720777,0.009247085689346991,0.16027438586909462,0.008199360148531376],"cowboys":[0.004246657504813881,0.05653361295581706,0.14733590697233817,0.007157931696263457,0.20764601083437112,0.008964552661519578,0.14587053924391188,0.0011614360298946485,0.017534206489383922,0.0025638277846054317,0.13063380324951546,0.015951941788171765,0.014993544712126494,0.11719088842544187,0.03543557441248234,0.07358713068279071,0.0017123597986049874,0.002307496587202387,0.0017813030656536493,0.0037855058743222715],"falcons":[8.787454445341145E-4,0.14057832096562636,0.0057052943057792896,0.01164982651738096,0.14970062202092052,0.016249610382158067,0.12005068210620759,0.003391582931799141,0.024659326243308057,0.00196491549261623,0.10237965501339044,0.010415358182234706,0.01843052937834547,0.23253300440165103,0.005005291356811382,0.11856622206509748,0.0010687750229147275,0.021130442498270886,0.0019530281378955466,0.01148612436125192],"buccaneers":[0.0063794420293532324,0.10071357645713755,0.008696316825348304,0.009408175373893792,0.16045515112786107,0.025211726009934796,0.13152419828775766,0.0020490870649760985,0.020931759798604274,4.8043678326074277E-4,0.12458777505012279,0.014979647284484834,0.01662517341649096,0.1462812111473649,0.011036120539867527,0.06620246833497431,9.15528819945768E-4,0.011599771012144471,1.0177319649166005E-4,0.13968390930323352],"steelers":[6.971011259387014E-4,0.06641475791006785,0.002992566345636693,0.010068230933756235,0.18616967728040085,0.016881518312371,0.15649178562106886,0.005473984096253398,0.010786566477569873,0.0017327490376073723,0.12105902801106871,0.05145562887042638,0.024723511195513474,0.07071093979086988,0.010187199791530852,0.09223989908761883,0.004715685246194647,0.006553169221500002,0.15222251723438537,0.008423484410221508],"panthers":[0.0013194316262511703,0.11737499626323418,0.013115349554867076,0.0067253488425454986,0.1958780574332299,0.02126236267189275,0.1253663851318638,0.0022153119015102967,0.02357733340986285,0.0031412041940904,0.034033683990553946,0.013596293254392088,0.012973003428156625,0.05652185593856514,0.009750148184205288,0.2126099352142443,0.004279352391764503,0.12924522338434066,0.002799408497450615,0.00933386419883337],"buffalobills":[0.004021795752922712,0.06995238316164495,0.007820227668436272,0.005905653215322988,0.18170559957832733,0.009877777805266275,0.11893993467715192,0.002312951432011811,0.022296059504560026,7.730105766663678E-4,0.08599303380895856,0.012961107514565652,0.03200205863929403,0.13936321051911682,0.005683864349811658,0.16084859905775403,0.11874519406518946,0.005755088023080281,0.003470581667100564,0.01157186898281909],"gg":4}