{"detroitlions":[0.003953442196623478,0.008727316794999752,0.007429492980369661,0.14360943273701063,0.07414008157789216,0.0049768660326452085,0.05243385232810692,0.007882041139812912,0.016654335234986186,0.00510736949544882,0.07018380666451553,0.133070944110946,0.015163123133704652,0.008500284693932741,0.14446950977350081,0.05508870777931005,0.011272838979217699,0.1583123544520984,0.019642334275874317,0.057080369646621935],"nfl":[0.023276352891238358,0.01605278811455851,0.02075943758073535,0.07943780909355554,0.10157499124922983,0.03556235500325063,0.053502298475100636,0.022697016833853424,0.05250363960759762,0.020302099106198304,0.06004455851934739,0.02669566601377145,0.04296033066631282,0.027105925458862645,0.08317441947241172,0.06450479464381685,0.052339478099020016,0.07096417811585304,0.061582787581295095,0.08234307457546163],"eagles":[0.004725650977286288,0.016099564525142,0.1573855362733359,0.12151622119848372,0.14401124040400132,0.005912349183434938,0.04824109165387587,0.00776671212283036,0.01670729882932666,0.0315942324167594,0.0566253994846809,0.003454629576242304,0.0033812603741297286,0.0064758451419736785,0.14351061008721472,0.028967466516677292,0.011235046798857009,0.0934266346085381,0.025194983629984215,0.07040499749767413],"miamidolphins":[0.004720152784728452,0.007839681008841377,0.01605020499542869,0.14290000903515196,0.14582529057232652,0.002334858045869667,0.07011812170949301,0.0033265811108580657,0.024029905809285705,0.12371647898158367,0.08024121860041487,0.004166750116745645,0.022117576438225022,0.011427893472728752,0.11824404719324118,0.039750177185797264,0.014470412511493752,0.09176747649636668,0.026194872237152497,0.04448214106665216],"minnesotavikings":[0.005351204640676011,0.02598877479138701,0.00436718506160586,0.16020775911226348,0.12863788142949606,0.007153387231717468,0.06485479128324696,0.1273520378303658,0.01957218011504296,0.006767070587343303,0.07205859228998038,0.04498271941163706,0.00646531349145872,0.006235363320585033,0.11811744013484733,0.06056820848912975,0.010717343022435075,0.03884758408820493,0.030019351529349703,0.060263058089153373],"oaklandraiders":[0.007813868273486064,0.029939401364867287,0.003067053477757659,0.14834455477334507,0.10846266940095173,0.012116293537358644,0.08138878020124111,0.014972341404645784,0.017518297908157923,0.005605194373268309,0.08588948341139638,0.009986431482011037,0.10995794110158519,0.0038331500584638852,0.15113025355743384,0.046349566391100536,0.014184335606413323,0.060942304764262475,0.029620086474652908,0.05509011364972168],"nyjets":[0.005550639852665419,0.013960689350391173,0.0062752842418402205,0.12751626897333715,0.11990758709021762,0.007038851121130531,0.06311326934329856,0.00787606825640434,0.025379879666181517,0.005251226953516661,0.06988810265470649,0.005052937438597879,0.12775225421912115,0.00608440212208781,0.15358137718682527,0.04153173285431526,0.02390673539512132,0.08647232901776016,0.04131689489548669,0.060816353650241746],"49ers":[0.005629572671720899,0.013278270851269862,0.005708037777703029,0.10906320077062771,0.11660949779798233,0.014136635910340232,0.04741393610772705,0.13479302226246323,0.01901041590516121,0.003907753854705522,0.06049247415991889,0.0051621859456587186,0.0050571638733394085,0.007540127122052325,0.12338075455202967,0.021791059322343143,0.017831617014036214,0.16271414109475069,0.041776336014101,0.08137046365873551],"bengals":[0.14670576590183937,0.01235922660239915,0.0032786210846304344,0.20302951115831838,0.05425623660012694,0.015263692148691872,0.06855869655720442,0.0056450256014900805,0.015384999197686544,0.006628740654707551,0.10398897574679912,0.005458930319387245,0.00468130804665551,0.009163144947493167,0.14930284186749151,0.04843118295709065,0.015979313961476723,0.029928410657509272,0.02922456443141296,0.06554518281507415],"cowboys":[0.0031703542317844807,0.00419206018136046,0.012036093829553451,0.13360904566970744,0.0941427605024436,0.0101569128586008,0.048664096173753474,0.0028036246027044773,0.01979276054627325,0.14978610035622061,0.053155581780123765,0.00578304357029369,0.0031258397579194577,0.008904024426961848,0.16223167114475406,0.037430468908210474,0.00465512531851788,0.08703940939857106,0.031517626992156204,0.1241976305193203],"falcons":[0.007508342279504697,0.007053146368134937,0.014550722386760273,0.13014093311551658,0.18606738303932913,0.005848995249130846,0.06024401682469494,0.026685546371758954,0.027850412565866716,0.015766407556801896,0.08590712877189322,0.0068449574217839615,0.0033203754838065994,0.013959179705500127,0.21000709277663795,0.05745266276292466,0.01785611003301863,0.06686027103511653,0.019775182796186643,0.03409849028382651],"buccaneers":[0.00227379847941875,0.023616054452833032,0.16371357330738873,0.12121365116270391,0.14781428286667814,0.005375176149490781,0.06325587513785927,0.005071071721091012,0.02517248248146678,0.0070795374635314315,0.046777888858586796,0.003924211984016205,0.004431602424152634,0.007196411684013372,0.14268194406068635,0.05161330161517364,0.016906828474904677,0.07721615789843433,0.03182184830439923,0.05070754933641887],"steelers":[0.03258329714442273,0.011914577870417461,0.004757848715612445,0.12908772315402167,0.11573609885261343,0.12669232159956495,0.07209847499138182,0.0043310754380254425,0.02681307316376323,0.005060515291342246,0.04590108768892058,0.007031452170757818,0.010603154094644697,0.004094742401797386,0.1263890723847323,0.06011645233194822,0.011763623496130611,0.06357165037477333,0.08375476257921338,0.057698996255916346],"panthers":[0.008126374560404529,0.01529295932702555,0.005390536308905415,0.19249973939453513,0.08571078889851216,0.00534486773818893,0.03656926994837354,0.00582486290449481,0.022071701111913353,0.017769382028269966,0.09245106573121603,0.008498084943409706,0.0020981903651993397,0.15043100968002462,0.12156240724887434,0.06143751437595789,0.018894992236653967,0.039353115055260804,0.030447533087183266,0.07534415456745143],"buffalobills":[0.003868025127623007,0.014230800594918852,0.004385484291441974,0.16501788376257598,0.09965961818910883,0.005763301531494073,0.053026499117062836,0.00520792456515864,0.05013442678115977,0.007678757368457752,0.07772635092210979,0.002562968688288897,0.10257886304061493,0.004631937994713593,0.159324255660842,0.06837054996632323,0.02387430116819063,0.056088842069620774,0.028339446243292172,0.06752976291700225],"gg":4}