{"detroitlions":[0.039719181377892904,0.05108183754258006,0.1020493581954483,0.06170731463642131,0.03306399977248424,0.07797797484725358,0.01117997573939173,0.035832464045213785,0.04362095833149313,0.04518755206059119,0.03366885729912791,0.050829818486556856,0.02507797873551173,0.05949851141773194,0.03339909953298207,0.05939520647010782,0.03902672977208511,0.09811980654377687,0.03520842290291777,0.06205345631805042],"nfl":[0.056308355032983405,0.06479196407003854,0.03216540281216755,0.057480612105080355,0.03762768080682117,0.05440775955043002,0.04517319343442308,0.039562928577260334,0.04651489435300316,0.033852436534323176,0.05254208547092034,0.05114943951592168,0.0335296299245443,0.06278418080223905,0.05124695866827738,0.07305451562961442,0.044948129501042315,0.05188711538846995,0.05930154536329535,0.0490551735606165],"eagles":[0.04150559605500034,0.0585982374123338,0.15733067609932927,0.05572233388587,0.03180803450194407,0.06778594291562766,0.004934809173036421,0.029651433956396203,0.07157592532466658,6.901839476663261E-4,0.03995601121896154,0.0523686755853148,0.03629940651740116,0.047293242406576605,0.0296635273335653,0.06298000682174935,0.045519396825272604,0.052821103548959594,0.045444456398051114,0.06468777137272648],"miamidolphins":[0.044995637906801146,0.058025663653460596,0.04420821544760916,0.07152654395200424,0.030546336181418478,0.07089016888748945,0.0034816519012125973,0.03444219689705783,0.0720238664065239,0.0018374528069466664,0.04880393645590481,0.060950021396697016,0.1056978338620903,0.05562690442250916,0.04162581264309939,0.05711435659784256,0.03420997679529914,0.05503567274307371,0.045424358835453996,0.057257241579890976],"minnesotavikings":[0.05305663153369303,0.05291456729950197,0.032621365657171136,0.06847931072701152,0.033598121890590804,0.0826579335941242,0.013285715705146786,0.036119826392830484,0.06416145668054027,0.12344676284559922,0.04040849097194771,0.05054840112102273,0.030759127014903697,0.05937071301842958,0.02805716555277513,0.06330552879088765,0.03563923053706353,0.03925571264308657,0.049075971987071344,0.04176521198653065],"oaklandraiders":[0.042876949283088564,0.04172721983215655,0.031105996009043683,0.07039822363671061,0.031582557526906245,0.0716556983800851,0.04369172557839199,0.03432262725425965,0.0549660487620486,0.03495147318867689,0.035354098280141376,0.0669860776699053,0.10349983712197962,0.053958264103753054,0.032881752406058354,0.05736577985911759,0.04242293348203268,0.04465384743651949,0.04993182495437743,0.05187918644686965],"nyjets":[0.043829768360610186,0.05086739727915079,0.03298901798768147,0.058082216876226,0.034312048275710376,0.07589002820010414,0.003311278324281963,0.03150153357860836,0.06587691591703083,0.023381492774443558,0.04960653265992562,0.05399379926102364,0.11309969509432377,0.056246413511464775,0.04081654234245721,0.06436722751354544,0.03908383362824377,0.04761996916535685,0.04966861533926026,0.0637285581937984],"49ers":[0.04028737961902609,0.05766939289655366,0.03298662092143913,0.05529080729347965,0.16527571546501427,0.057356246106796245,0.004971452759614392,0.03080939871420718,0.06567573632511227,0.001169646030693894,0.03779000333207245,0.057653855399738205,0.027868229447533966,0.03801989184514951,0.025359156298961374,0.06128557064791034,0.040261205311245635,0.06695956327483472,0.0458485459652016,0.08412824901208307],"bengals":[0.04764500096159647,0.04574189873569353,0.03222436083880949,0.07496462737635404,0.03388921706463884,0.11415402504310103,0.005174790547431004,0.03677505836196047,0.040841565278696444,0.08229888771074147,0.04063510652308208,0.06918857540033826,0.03692518873929129,0.06334054545821895,0.03572254159777398,0.07410632072725695,0.04354600232107797,0.04265956292473951,0.03636747431322215,0.03661362133346204],"cowboys":[0.0439480642754347,0.0546868796585345,0.04194346174711393,0.07123268701180444,0.03203733936899125,0.07319554988412098,0.002100987949281539,0.03768032376252142,0.05597109469239007,7.171444781756526E-4,0.0392940979930837,0.04986899946886157,0.10674478212272054,0.059036085056724204,0.02984527425172913,0.0719190878769689,0.07863140784145561,0.040495478077667145,0.04262544204241796,0.06442004320923451],"falcons":[0.03980791742979734,0.04664621979776542,0.030835452098312236,0.06499886325363033,0.03773088358239957,0.08039581495261068,0.004981499368847449,0.04695053232176773,0.1235872931676073,0.03313198761582458,0.04408804867696746,0.06302793035467841,0.02928620680572846,0.06789892906342121,0.029798449854890365,0.054862595338404374,0.03681339707042744,0.058271947511874325,0.04806189821832799,0.0566214903449111],"buccaneers":[0.043767746308523994,0.048967061167969284,0.0388202735620898,0.057461742022587206,0.03310390832191365,0.06413825805924651,0.0124624413050489,0.040372692565899614,0.13791852845465383,0.025761992610745302,0.045023115162284966,0.04930333628654071,0.031754451116972456,0.06752890352856629,0.029086512800843307,0.0504020705352896,0.04388520803051321,0.051482089713136274,0.05941723776899444,0.06720567854142888],"steelers":[0.0710811765871546,0.05294664952902,0.029133850072818147,0.0662013511754235,0.03653525019692153,0.06933645651288027,0.0071715221104926685,0.03402343603655648,0.05131585530683255,0.03628896929289271,0.04424243759317508,0.04974397502613294,0.10463452663956112,0.06733306389570938,0.03151378566040582,0.06072927988717262,0.04161209298014941,0.04154193422647025,0.051457335204087885,0.05315705206614339],"panthers":[0.03863505741135319,0.048144844934921466,0.030726971794763414,0.05907001266278944,0.03315435025236224,0.0922474182900215,0.007031193373055426,0.1373094918161041,0.04761415062926271,0.029451145926306713,0.03684461420716991,0.07037709430206902,0.03069100802491135,0.06099196112941606,0.034679486398054446,0.06821995341542429,0.04467558425485981,0.04624077957042186,0.039515565927876355,0.03949786519071295],"buffalobills":[0.041332803879821745,0.0528918406589057,0.036530471506070465,0.06392501756926719,0.028451680254134346,0.09356975668526746,0.009376038237249501,0.032593113999379336,0.05364355049185251,6.903944647800093E-4,0.08715152043048491,0.060145312446527356,0.046920044509049,0.07757861762687071,0.051346771089366236,0.07337365641840322,0.041522623748177605,0.051282094964429065,0.05093228036665651,0.046742410653307365],"gg":4}