{"detroitlions":[0.0710582332394826,0.004930698508298729,0.0026835082068470103,0.25846992183689826,0.08405461272987647,0.0035097892748535116,0.010574953173357155,0.20855144810966844,0.10450319156576447,0.00467489701470408,0.039568318957535785,0.01744795318355702,0.006462381226331453,0.0023509013493193064,0.019254218192743613,0.017658192369624976,0.041305272582834104,0.05756950674940371,0.03803958973162392,0.005030916024893213],"nfl":[0.07860208691088216,0.04112102900575825,0.018385302023422877,0.1570788015864809,0.08612976593070702,0.021410413156929268,0.04843180364951567,0.020337722809889647,0.09277707455238979,0.01428838196982803,0.04588452545164811,0.05744089978951784,0.047537276109439974,0.02014141342624545,0.017309582966583602,0.04000741590997611,0.04053397537980342,0.08494526008708847,0.04973240775185019,0.015288862633515591],"eagles":[0.12544262161688016,0.006189941191638641,0.013713312601713589,0.2322549127223985,0.04730663597069912,3.025283264598644E-4,0.009763797069528717,0.005687051420144272,0.07686378997949533,0.005751078593827476,0.04666243859869925,0.01145219119891668,0.012007183108020169,0.0014259067111647454,4.910500082916072E-4,0.002381061546772742,0.04051968163923895,0.16399507398423885,0.023658338281847588,0.17076817673047243],"miamidolphins":[0.12719846461801548,0.014378037600811244,0.004560277655973756,0.2081884146193301,0.05800564269260446,9.844323264072666E-4,0.005202955820929758,0.004413051134895561,0.08879600309484975,0.01641323507727882,0.059047738602343844,0.010091178444505926,0.009297919770009056,0.0020541495428202895,0.0024994531663436207,0.00488386985620798,0.044275228928281195,0.15011646296070552,0.04439209172045538,0.13892524173961623],"minnesotavikings":[0.06246702581058469,0.0036835404593429408,0.0023469227345643247,0.13547687676104903,0.07485366479617579,0.004080473820938515,0.00942612965388124,0.003425693995911387,0.09491829843617373,0.015380639677688825,0.05167190408029455,0.02236075204044098,0.030028559812244247,0.0017438459156951449,0.174882584836279,0.003090735172662869,0.0559213031062724,0.10076238543435746,0.15087643526360398,0.001129474141765702],"oaklandraiders":[0.0852313607097701,0.0054546834929089716,0.008512003263019948,0.18841982096924617,0.06570639618700723,0.13036021684775914,0.010987835905518098,0.006804130248094967,0.1951453495812297,0.027566603655960087,0.05632157010279364,0.01194869545649975,0.018196298636677606,0.006410418740811664,0.00723642554278785,0.0010644819096491465,0.0348683850311879,0.10207609611667648,0.03188446478845263,0.0020168840260702064],"nyjets":[0.15296531492391569,0.014078732503880762,0.003608878530085854,0.22404631983228632,0.07146016182526824,0.005878170272994989,0.00982165624670835,0.00508920533253621,0.09001255934843012,0.11818163888329991,0.04745287143096645,0.011452722170980758,0.01780605462797631,0.0012542226653756464,0.001651815093711912,0.0016650583190277548,0.04377534364195502,0.14494792541300774,0.029147082723161175,0.003977150497678271],"49ers":[0.1625742893805117,0.006164894679478836,0.002011749506840164,0.2627866997354423,0.03311761706965759,0.0037162625396211357,0.01576370996990526,0.19628806653893666,0.061869442220720855,0.00764080485610602,0.04592323365285381,0.013483930466271115,0.01183667422705755,0.005925300658289275,0.0016065765333760995,0.005526584058725632,0.028066518175080168,0.09880704902916351,0.030288418536695994,0.0032688448319330298],"bengals":[0.034526916438075955,0.004886846093399501,0.004240498123443356,0.2646917994673329,0.08002809165738968,0.0028665415352194484,0.011733274154580645,0.006244210592138114,0.14199248716887336,0.007257086480841266,0.08627356558000658,0.009814177288783912,0.01849757918174564,0.15448445530169327,0.0034840246788783195,0.0042906241689234055,0.058404106789844284,0.047029609494419984,0.05024257175912318,0.001825905302772504],"cowboys":[0.13938390442621085,0.006186802761106143,0.12792831610522643,0.2373620559806039,0.1198175704605175,7.8350230993781E-4,0.0022070045349491156,0.0016465475661525202,0.06891105369572546,0.004358112849989939,0.03841190093489807,0.012261667878940542,0.0118949238766159,0.0018990467914111067,0.0015259476533920529,0.003912869412673792,0.04556705906274546,0.06523997748523996,0.09796265674681628,0.009133310236078253],"falcons":[0.0631388067077743,0.013303499440993204,0.0026823283264231844,0.1194884259273137,0.174888863883871,5.358033559692979E-4,0.016697148090049505,0.018469196160054314,0.07109136897308539,0.005427273643104275,0.07250749763417477,0.014536417110201582,0.01224374969077581,0.003236112399978337,0.005882659487644573,0.00464963339565913,0.07057664740605599,0.2932344629708546,0.03336246831804368,0.0018449939061674144],"buccaneers":[0.12753864133881251,0.0064803331521791595,0.009907455454176803,0.17869610024385044,0.11599672827168006,0.002206810451178032,0.023356014143164273,0.00236222682933862,0.07732068006768682,0.015321336311720446,0.03546522515006621,0.011687070621947413,0.012789274299627151,0.001796795157971836,8.34102309704013E-4,0.0051668909076116815,0.042176982159374085,0.2901096863893853,0.029857650175654386,0.008793244428118704],"steelers":[0.1401357267604848,0.009753056910661171,0.0030063034539756237,0.19587742046210127,0.07614656642616884,0.005816597844219972,0.007875774580041435,0.001975571046481233,0.1665923399105409,0.008366255221136638,0.03241388291047725,0.013581560336170305,0.04452599213116096,0.14044983606257697,0.0014989494196572183,0.0026297194440065594,0.039670059480342114,0.0676778948750625,0.04167327909647067,3.332136282640104E-4],"panthers":[0.0481850743049185,0.007280383309723252,0.007616275854387687,0.2354301015949397,0.1392928074469422,0.0015538173078741356,0.01296754436501149,0.003066176544515027,0.09745532848489306,0.008349976973397446,0.11593692582702568,0.015460278926219373,0.010811004449141112,0.002935028314255823,0.002957755821355373,0.13824834940591088,0.05984859140638458,0.06285435207752606,0.023180421740990016,0.0016883553564435354],"buffalobills":[0.05896245449973365,0.04265182880625065,0.002441913405776931,0.23664593501562875,0.14975669687723142,0.004571010112238072,0.006020598234951117,0.004051689415669754,0.09734527411484145,0.10120439234722674,0.05984444712851786,0.011489670205126578,0.01237572912816133,0.0015796935560956715,0.001551406130561292,7.408191226206867E-4,0.05592492201803089,0.12263361724577021,0.024170493935465123,0.006037408700102027],"gg":4}