{"detroitlions":[0.05127147492083453,0.004787411440256789,0.05333068631546222,0.07670868958895741,0.007588161621433062,0.0017395608829755649,0.08729182534766276,0.049606010462573326,0.07611665004167137,0.14150543160820114,0.0776617879317345,0.09751248358299643,0.0027345771524459194,0.07400024701446481,0.0875847951888261,0.0016787402588149794,0.0013226895195331044,0.04382951146476403,0.0015107806568623904,0.05991698902714845],"nfl":[0.053514277471492434,0.030470685670955715,0.055320788163725876,0.06240993433028633,0.042839103217612445,0.03167214518045183,0.06131357278054296,0.03227646227622343,0.0625073378480208,0.032734961475502686,0.06386382174068081,0.0517194942038101,0.03587175999637041,0.0823830439791563,0.061757074379314006,0.04176467169507978,0.033264497475409445,0.05911696940360164,0.03409566983412495,0.06848772997911023],"eagles":[0.05593706994521182,7.955563178555488E-4,0.046907063723330575,0.0768041238287595,0.0057953907511168815,0.0024946884205255333,0.07541468610161726,0.19131843873574492,0.07111900746792597,0.0020354162747682246,0.058826306634874585,0.06844142194635176,0.0019002742010582239,0.076208283758891,0.08168764642958869,0.001563914651277631,0.0016741197794482314,0.049446677655369906,0.050531380085770766,0.07773530459096212],"miamidolphins":[0.04688384055895684,0.0017316182308677044,0.06564377756201939,0.06993843012772544,0.004108450548239771,0.0010486474192832487,0.09048415674517145,0.15798718533439635,0.07487982914194564,0.0016650735259688988,0.07775873101707878,0.07426969209863862,0.005089962441677591,0.07344824384838146,0.09626612750416814,0.006005585643193376,0.003145376318733926,0.057630571840531025,0.007687625898482289,0.07805092356692507],"minnesotavikings":[0.04696258773177918,0.13551705503499642,0.06130087769708837,0.05245599531963457,0.012410433722847202,0.0017776927735719099,0.0855208828487625,0.04001159544717206,0.07248865051611648,0.061591288890017325,0.07864433035831751,0.05035897328908647,0.001890648483543602,0.07831822353002632,0.09070092071550855,0.001155448979017044,9.564642984778326E-4,0.05124607019006778,0.0014466855300256,0.07377242059387103],"oaklandraiders":[0.05054934786799048,0.13405502039718684,0.05497670296961168,0.06590871257629793,0.02099105552008262,0.0021563950955751023,0.08236810191733479,0.04135285831613651,0.07405208165501365,0.0026763326891194495,0.073419223065939,0.04958692988872494,0.04177505500690676,0.0640141692249456,0.0857749732629989,0.002597729820484166,0.04171237793287221,0.04600107908607547,0.0012495055647347767,0.06099446935409168],"nyjets":[0.0436884549904246,0.044400758455448275,0.14783468629786253,0.07527686788603045,0.005669693620064586,0.002787732472637197,0.07918667870410602,0.047032476075625,0.06656091391601365,0.00143091578994323,0.07114943539161532,0.06364771054960296,8.362733888341573E-4,0.07907468844944858,0.08315640739423556,0.04999329368693582,0.0027060695207096097,0.05778372613335684,0.0010984798149213252,0.07495762174543172],"49ers":[0.0539889032822847,0.003260477666664583,0.05435233367547965,0.09956944503965544,0.005370655171406123,0.16288599267234663,0.0742339340811277,0.04207975777899217,0.06640967293320985,0.0016131344305857715,0.05265092823235311,0.08919734998290618,0.003425699352859731,0.07554095645734754,0.07888138062617452,0.001950307381149735,0.0020582117304478935,0.05057203861705023,9.163857410993118E-4,0.07770910181352735],"bengals":[0.05172957461497139,0.040482655112636726,0.0564748131297168,0.04645737973385643,0.006150634905991573,0.0013478972757769853,0.10001323411827212,9.875046895976946E-4,0.07917828137590889,0.0015568266374941864,0.07456639561487582,0.05174826965958281,0.048375820663879195,0.08001143395123722,0.11215069690722267,0.002593144465351008,0.13725594768410435,0.05117473583308614,0.0010877703994741999,0.049471354484449906],"cowboys":[0.08579486007522179,0.001944967422109313,0.05355780101517634,0.07176706877404869,0.002066774744590179,0.0016510579353153363,0.09045609197053787,0.04883640123944369,0.0724650142840571,0.0012072370941832444,0.07187157653057165,0.0700134318023737,0.004200560448080679,0.08664221251566916,0.07907102746316176,0.0017830373775420925,0.001439217299949514,0.05305543437068217,0.13706536272170763,0.06150509568480997],"falcons":[0.03940212177608655,0.044622075318314754,0.046656399577529505,0.0694900486515678,0.003965221303094997,0.08143396872594735,0.07550886762590449,0.044980453831869875,0.056051413221603695,0.0012693249693909526,0.08391408731843866,0.06445538391979953,0.04114046699137764,0.06454045747555898,0.09531833216691876,9.26138411622685E-4,9.424364259407178E-4,0.06004092652154884,0.04440625329309162,0.0787329793025864],"buccaneers":[0.048427122544918204,0.03511483228087894,0.051771315501333424,0.08458491304066616,0.00905258929139098,0.0013673795560048205,0.07046426911188745,0.046252461070481414,0.07354261352905783,9.338854999366924E-4,0.07439702663609256,0.06410565713842427,0.03771902909330636,0.057274382179610714,0.06359421883180799,0.0011911674625473543,0.0012947802677791694,0.059696710980718624,0.1384182501714514,0.07866064367495394],"steelers":[0.05243168796354404,0.044674119108017184,0.07019119215053778,0.06707222219656847,0.007035282372190564,0.0037486388180692277,0.0888712051453163,0.04213075831355817,0.06909180728649476,0.0014238369273512892,0.07805118175783893,0.051102024280671406,0.0032641500426845585,0.0711563438227653,0.07629886572316588,0.003623087362077272,0.14316048776489215,0.062488622709928165,9.367369924717842E-4,0.06324774926185717],"panthers":[0.050747543435860167,0.03627569300749256,0.05006911679127319,0.05275068848560477,0.007003900960791597,0.0029652225167192676,0.06897097699632271,0.036407269210366536,0.08177173431640296,0.003694444677199766,0.07849703321116709,0.04768004476838272,0.14136275161694561,0.08055493330102123,0.10454161765939358,0.0027721201072509506,0.0012025502738314824,0.04695694319568267,0.0440323873882941,0.05686157759185344],"buffalobills":[0.05020372708652852,0.04020920702411984,0.06827231310514541,0.05665338468769719,0.010430218371958474,0.0014521857581930885,0.07967165998757136,0.05195435150047894,0.06980027595328898,6.81456544881283E-4,0.08791772402609048,0.05783931626927304,0.0019231168871712873,0.08574998877243677,0.09888241360259531,0.10286846585328521,0.0025991996940299593,0.06655784174222541,0.002278817191048304,0.06405433594198161],"gg":4}