{"detroitlions":[0.10597657017646021,0.04928560757549584,0.02376748300231054,0.007455471701539454,0.019524333321140327,0.06863710470226586,0.03536712072827035,0.011961622054299681,0.03860726599145008,0.0394097636727357,0.059430012413485056,0.010086537482916977,0.007338673032799485,0.07432463828420519,0.01546248771752882,0.028861579421861086,0.07242235341465518,0.1830083318871208,0.011130346008646324,0.13564120143843095],"nfl":[0.06662522022260732,0.07042502705220283,0.042837693456781525,0.037369664963260704,0.04125706538048997,0.050557361039627345,0.04660042507323864,0.038040737143184615,0.060271790517887405,0.03619197589790098,0.06123337857375707,0.046659408771010415,0.031999866836095764,0.06473999439199153,0.043421859559292425,0.05933757044172256,0.06634202238166655,0.03496233970962631,0.03480929476024081,0.06370130492888658],"eagles":[0.07685000906109457,0.06994218585773485,0.018896247726256556,0.011393046285235454,0.00984797058810657,0.20490554629141297,0.03743683906480746,0.011695310998828116,0.04123829619295685,0.029837701439295695,0.06633168601348119,0.008467077937778594,0.012358799390734277,0.05670936603642525,0.02184599254275141,0.023931949591797202,0.13142544634261213,0.008603717591208091,0.047152077965167745,0.10776750438276382],"miamidolphins":[0.06715610929693501,0.06393364208799668,0.013186987371984402,0.00955703085019133,0.00963676371940539,0.05356927973255091,0.04620858970374436,0.006128601970883191,0.059904897538811085,0.03114590391730952,0.07718197392248317,0.014645635701900679,0.17559437190683955,0.053669166402061486,0.01592282797265544,0.026547781254003203,0.12737197905168518,0.006191080653454036,0.03148841306519329,0.10468281325229717],"minnesotavikings":[0.05013846250090864,0.07037931303814404,0.023777454589380544,0.009662357861852698,0.012454343096644834,0.027020074039265197,0.03156294407767166,0.14940638149967303,0.04852067938512969,0.045501931802697744,0.07438085725165111,0.008636395246409653,0.008193991718116864,0.0876686307192019,0.017494263535703394,0.03512238923668565,0.11211019732971769,0.05291605624423373,0.010272904715716296,0.12330761806112239],"oaklandraiders":[0.041108690669431965,0.0594082356961984,0.030764300708242386,0.02231027635298385,0.011370920886138197,0.045176281789113495,0.048939940318925526,0.02275857473910199,0.05013724703097102,0.18652406584843403,0.055442842904529194,0.013239067226111042,0.020774319879843826,0.07600290254568798,0.02580073225348798,0.024629661230842974,0.12362039812531601,0.013166077504789424,0.01029448081549525,0.11474310468647689],"nyjets":[0.060919027344431005,0.0675840452647539,0.012401451222673358,0.012533623338278831,0.01724636653558215,0.04860713018677726,0.03464721688303489,0.013007387709579305,0.043207088088043216,0.0513487920493932,0.06889628611970401,0.019230843934288325,0.20900268681724624,0.05793212344141228,0.016275772208984712,0.02168873125984497,0.13296266777200835,0.00996400922294797,0.007291658245727915,0.09352597663853504],"49ers":[0.0995593612439136,0.06867774223130092,0.015479637185574192,0.010610735698514832,0.00976410314052914,0.262113824451692,0.0470587213167014,0.013494020645281168,0.044355333169611065,0.03257786048315424,0.05545885420325571,0.012437759214594557,0.007979331430646113,0.0466743848713281,0.018979044462525182,0.028300169458536972,0.10843692236784597,0.01214960581512431,0.010413311051033665,0.09214594422550375],"bengals":[0.04995088747275165,0.08166927758404763,0.013277007209822155,0.1710648732661814,0.009434758506612925,0.02189498834981864,0.051693843888755676,0.012910907443691055,0.05292438602007948,0.03841368891453151,0.09033792068317993,0.011284096428996648,0.011034146298104137,0.07471301382360501,0.020993951392429024,0.01828122195738577,0.057401826804596046,0.010808094253769761,0.012183027008864884,0.1825424539502616],"cowboys":[0.0841618992989033,0.08330584960642236,0.009147752546584694,0.00859583495034661,0.007954750345959136,0.06257618633089795,0.03397980720389208,0.012174987591315701,0.04491480697201567,0.042947091190819714,0.040743029776912736,0.014075733479907572,0.010081816077881906,0.06584719834491198,0.06154311400750627,0.020785279850574153,0.100323802902053,0.008645619254403821,0.1788190041264738,0.1057706669114489],"falcons":[0.06017886752326588,0.05177608250354382,0.01470754715793902,0.006625144716707277,0.1186475226824786,0.04271142280728044,0.049163595773531854,0.01518487456895247,0.057277456584545285,0.046516904874014914,0.08622860789119889,0.01204595800523389,0.009485307661168793,0.10250256763938465,0.01077621281248835,0.027920627249586695,0.15144025300988875,0.01743559532504137,0.020453021654107985,0.09671978638783514],"buccaneers":[0.06316234206304323,0.053079033105928555,0.1324380060362904,0.009949168762064437,0.024264828032407072,0.06823764707397353,0.02959724449589215,0.012041101025047204,0.052468002878455884,0.037519576526029254,0.055563784994485915,0.00903572040827542,0.0061845733922905695,0.08934168617662423,0.022291948517418354,0.03913697979992023,0.14603391826093373,0.004469974837827369,0.03041801944519935,0.11262969203114113],"steelers":[0.06582114907173668,0.06626424316426234,0.017972937514716396,0.1947386398243806,0.008787824783607207,0.03844679360422032,0.030298717875219774,0.014861210152791113,0.05571889049031645,0.050896812269406976,0.04752215354494912,0.021416006027646973,0.013895661112269577,0.07766640751681587,0.024307113284445406,0.02855812023410754,0.10166637244804974,0.013935525794457213,0.016142666278573362,0.11108275500802753],"panthers":[0.055716238944540634,0.08508360845442003,0.017092778702463726,0.011325355548895515,0.019002916350165346,0.02486344460633352,0.05885191337819598,0.010424618078882364,0.03325396548178875,0.04941198637481927,0.08362931957518106,0.01790339591869302,0.007336442974144329,0.07963224981276668,0.0237321633306863,0.03350226772475105,0.074949523145511,0.013188413782622973,0.15462175402172196,0.14159619330527157],"buffalobills":[0.07313743752456676,0.07289964484766819,0.015680216343444527,0.010125575711225977,0.01013465285976547,0.029741085485753226,0.04581283042688519,0.012064319369766251,0.060604335419477365,0.04014608975105599,0.06435084839809582,0.029156040051634177,0.1677433663377676,0.08963292483044798,0.018025823987701087,0.020889954057884845,0.09283949771255423,0.00920993769953519,0.013187623493902099,0.12461779569086821],"gg":4}