{"detroitlions":[0.02199333817241535,0.04581627644514576,0.0010641377193398277,0.007554178972705522,0.0017972542331549548,0.0036018664759849264,0.001006136983992416,0.0024040557216947205,0.02105966732852288,0.0026477048962652823,0.017973437346088,0.002203169644595229,0.015676687775525815,0.02308328383425034,0.0157640247139595,0.006885259222892155,0.014222249829427186,0.027236815661379078,0.17541749983988472,0.13647507076204138,0.00911535961442424,0.002371179288610259,9.375191299318029E-4,0.0015590207233389449,0.0014073350528621598,0.05768371615355938,0.20963539061162897,0.002063082312364944,0.1702526180893177,0.0010926634446966322],"nfl":[0.03450709139194367,0.059105777587783376,0.011361984280384077,0.024103460356347438,0.011214822553285425,0.02083867930409659,0.01107040234745123,0.015577368741243767,0.04826365866091116,0.008856252490392836,0.019690446972924335,0.01187064167765974,0.02294027655489479,0.06138774640394933,0.024302351933454275,0.04262536113953045,0.050007841186972546,0.048379860390662964,0.016131042400231426,0.09331784978274858,0.04079231575936101,0.013977381430725426,0.014539796525134126,0.01732944373605582,0.014755326735955678,0.059882208662379637,0.08821834833233637,0.010614066878072632,0.08657042485530234,0.017767770927808627],"eagles":[0.012933547541939375,0.12955167845873555,2.539993884758957E-4,0.00749296258426421,3.049362363104856E-4,0.008468225712197854,0.014147121285366705,0.0015806387000577608,0.014352421778475804,0.006222397468124445,0.01835856150392034,0.002989848521733895,0.006039364368323661,0.050298577103065595,0.016312680105791,0.011623756291744489,0.01299612516639312,0.009196433908160884,0.006779278139858811,0.1408048960896699,0.009432288083797721,0.001748184289432897,0.0019477246335207997,6.725224633238408E-4,0.0015837390208673766,0.09889479738426825,0.15219545781447968,0.13653281500872122,0.1243164799910142,0.0019685409579646407],"minnesotavikings":[0.020510459755906377,0.07835840387405787,0.0012667730306581563,0.008088758586876667,0.12413921851942113,0.0029251411080895556,0.0011175759080521042,0.0015292898846584184,0.018147620801199554,0.01725048420675827,0.020504654522318765,0.0021330894008092013,0.021414980392872672,0.01921197332059112,0.01818648509944954,0.018482237028308746,0.01946955836081396,0.010779494114645589,0.004211575131756419,0.145329908495888,0.010415639162900682,0.0017854883281014213,0.0012359320054049357,0.0023189299240245014,0.0016562321472848919,0.03429048162202501,0.22004744953384697,4.8618534593536134E-4,0.1735828932336443,0.0011230871537001872],"miamidolphins":[0.011395191042826214,0.13132803750528485,0.0012800020531798554,0.004375081771477393,0.007874156452872651,0.0017898674862296268,0.11613334110262875,0.004750423435646133,0.02594526703919473,0.004174021747883689,0.02278398969214432,4.473463391384514E-4,6.968248959320781E-4,0.015315822225049815,0.03040610311793944,0.011717599723272694,0.013986040316159009,0.00671526233287783,0.01052729232706513,0.1402275057309544,0.016817760359577345,0.0012874338226588982,8.068603938810471E-4,0.0018460027690593653,0.0010608620426597066,0.10182921039841179,0.17352633397805278,0.005237695114073602,0.1199112101831365,0.0158074546007323],"oaklandraiders":[0.013484637623642867,0.06827649196363202,7.919126177849238E-4,0.1289988207457158,0.008334427638979663,0.011319574293695555,9.153709339257519E-4,0.0015349431418435586,0.10751500675106004,0.025126757475707678,0.01988318571951168,0.0026525928638953767,0.0017744411574722892,0.015091051901359764,0.03219319859085189,0.015786272814549744,0.013479262851432906,0.006695736190472536,0.004935417541507153,0.059575536505498176,0.008426404270208646,0.001015664600724438,0.0012750011496472442,0.003921558884474611,0.0011523403094280784,0.09525885515811947,0.18977341534439468,5.887147296886377E-4,0.1591638568855288,0.0010595493452460647],"nyjets":[0.016191006605353428,0.12140039769784572,0.003087651899106623,0.009099499213618136,0.1021575952280167,0.004259927272585743,0.0012332163271403266,6.513681587753947E-4,0.015618280070095287,0.005047575461904099,0.025433860411202155,0.0038737280602907445,9.420845302056242E-4,0.013480823693824395,0.02322160613552444,0.020252081228506285,0.011833243523371914,0.01224093075826182,0.0036346020407194307,0.1378214115134276,0.013621386160153386,6.429302880732013E-4,0.002334050445081255,0.0034319711971285394,0.00499238453235959,0.11006928058701673,0.15744303612038635,0.0020419808002666174,0.15156365861764926,0.022378431422109536],"49ers":[0.0038670507338391404,0.10959177204056418,0.0016519979645865026,0.012495465730489552,5.893379117520159E-4,0.002652786308549035,4.017270428554449E-4,0.0024746532755148534,0.013707070893946596,0.005864023025446648,0.01509665946475848,0.16813719973662733,0.0014282311882703343,0.07495606976069924,0.01778767051340659,0.01077264078108027,0.012733674977968703,0.004429233224608596,0.007701634482165282,0.1444349192669996,0.010923520046283905,0.006606715781470433,0.0014382616543407525,0.002456376682201239,6.799282412832396E-4,0.11981660276652624,0.14009758946782033,0.0013555112793780882,0.10541458965697761,4.3708609958993645E-4],"bengals":[0.013902612898847953,0.03704551299373044,0.15042570530563068,0.014037608660957192,0.0015616291396891792,0.0038101572575871385,0.001118746968141957,0.0030679300203549655,0.04228036023347192,0.007364475363631362,0.022782508371850366,0.0022796161020784485,0.004316138863612558,0.026449619393950838,0.02595193510821581,0.019176542089462977,0.014131418783392717,0.011199997414633189,0.004305033784342178,0.09605163296994829,0.010872241250415924,0.0021806390968598954,0.009604496006535065,0.003908964834585769,0.001110784052714821,0.02785748298773018,0.32629266742623975,9.087948789563812E-4,0.11267293075120681,0.0033318169912259434],"cowboys":[0.007817899195982029,0.08781133527972992,0.0019430934400853689,0.0023763363027715675,8.844980258623213E-4,0.028957799947024906,0.11734520257693852,0.0035970705637450606,0.06594743423402392,0.0030977839722078804,0.026178635490974368,0.0014453825351170135,7.54214548960658E-4,0.04828970641915851,0.017860986614377315,0.011823425746526384,0.007448094565808942,0.005495181890853429,0.003919164061933831,0.14546792442036385,0.010910790032783375,0.002764958202936623,0.0025890663519412254,7.198148462383731E-4,0.0024067366861663395,0.09965058256055634,0.14839537951137985,0.0036021957025294247,0.13944929656966804,0.0010500097033549847],"buccaneers":[0.13837524145648103,0.12665904418948204,6.106796476142341E-4,0.012237804474779285,8.319380540999503E-4,0.009806786643534734,0.0034028209608432673,0.00269307503683997,0.08580579937991353,0.01560096551005725,0.02320328703516834,5.7228976637637E-4,6.045356901968357E-4,0.017572467695902257,0.014289940003029482,0.011856650241390232,0.022655711164482124,0.01708128290655236,0.004313300798921596,0.12050085404275938,0.014081853070632241,0.00140553174493517,0.00249257377113933,5.802593787294877E-4,0.005069437235939736,0.13351639415801364,0.08943839913579689,0.00589912341168245,0.11813422468938262,7.077287053245331E-4],"falcons":[0.08299520852746747,0.19797684546973707,0.003769585293749273,0.014489091532600779,0.0034772398009250724,0.0037258477914361493,0.003001341142098258,0.005185522484451038,0.02209068110873932,0.005889916944657092,0.03598864135700587,0.007858754064302323,0.001164679631709551,0.015033553780822996,0.029432072907411302,0.009437295336922155,0.014781558134743205,0.007652228170863953,0.008008492440507681,0.12422052004237517,0.016329060421433138,0.003694035653761725,0.004246594219663886,1.298532658096351E-4,0.0016790280461797514,0.044727181107704385,0.178587702248268,0.001051422234551,0.15071626966497345,0.0026597771751293727],