{"sabres":[0.04502127622883741,0.003041183260885923,0.003554862039264548,0.002564679539559328,0.0011371255306482618,0.031835080847201304,0.013909299063803393,0.028317776118801135,0.050213217117767335,4.1068702972972575E-4,0.001590196812528275,0.002233760548403753,0.011330057786793,0.00128853784818714,0.007026109084294953,0.10579290744209922,4.893271732418992E-4,0.019674168742035127,0.1257355636281533,4.889285664002487E-4,0.002149972790497757,0.11864990976140848,0.00283477730406426,0.011209567326972892,0.004059100470931557,0.004417076415089912,0.004743023456687015,0.10133249518435453,0.10486247189744598,0.19008686098391253],"rangers":[0.09776927071407805,0.002420531915468857,6.252590776118693E-4,6.962282685597276E-4,6.085982115012107E-4,0.029955611426905962,0.012645720236318641,0.030943129532033486,0.13105823042251336,0.0012800136539543182,3.9111589522727267E-4,6.591894361851017E-4,0.022514049540789057,8.199481886590008E-4,0.0019232167330395296,0.09216754031869233,0.001386917394842327,0.031725619708405026,0.034302097617340946,0.0037417157600319775,2.9178380060394213E-4,0.14718377803283803,0.13300471536938333,0.022069823614242808,5.467747331078103E-4,0.001766091453475318,0.003378870547418465,0.11919694325562218,0.07372825142920138,0.0011989637119492627],"leafs":[0.06868931563204118,0.0171587421713011,7.99046211433759E-4,7.272764469837536E-4,6.300498421860548E-4,0.02631793119364056,0.0053282399176898445,0.0722416292766836,0.07722834006565346,7.643948603376888E-4,2.2529559845527097E-4,8.517695023304772E-4,0.006566739435809118,0.08696314636389897,0.014545355257377093,0.07311358875525456,0.001160326366892293,0.012035071995112405,0.12407238940198198,5.890697974005163E-4,3.8483383078281516E-4,0.09089663071247764,6.648179453039207E-4,0.007067866377091858,0.0644714571312941,5.242864658549637E-4,0.0024771033884001103,0.16569200748656365,0.055469910703638,0.022343367866130216],"caps":[0.11088714629097914,0.001967905037087963,5.879622963899553E-4,4.5912086817261787E-4,9.15632444912658E-4,0.028847004578625064,0.007615507600733564,0.03676198826408971,0.1701385100218217,0.0028475922359031194,3.640941348891006E-4,2.4419141850665034E-4,0.021378250814062277,0.0010607967602054688,0.0020844294154318942,0.09883748110518628,0.0014411579096389284,0.057025336415974855,0.04309006948572024,6.088193553677909E-4,8.165049071751992E-5,0.06596827638319419,0.0023417240158384116,0.026987496228530097,0.0011838273208072928,0.1451903243275443,0.0028232249641980266,0.13310522895433768,0.034454635111672585,7.006157494613675E-4],"devils":[0.08746836826136355,0.004734348337193914,6.8549017742996E-4,0.12725826785207947,6.492243145817473E-4,0.023700801939530405,0.007964982444370609,0.027959888789090472,0.12227928689415543,0.001093072893677628,9.55845586496193E-4,0.0014082943995374659,0.011889713404204836,0.0024014096959577872,0.003843089797480706,0.104764556121265,0.0012136792004171354,0.04003545372149549,0.05923789893653475,0.001511680785173923,7.962620673150321E-4,0.12927729926511644,0.0017150405604842945,0.014240015782294425,0.0027695885450228956,7.470210262204461E-4,0.0043412101946657625,0.13934288096376965,0.0650191828140885,0.010696145228986981],"nhl":[0.07999781594501887,0.013491022662437112,0.007609861015288608,0.008424614347371863,0.008050104911384064,0.02753607052468349,0.04535574336085146,0.04707029383924081,0.05369194760820946,0.013098094200244485,0.011622704593381529,0.00704974508041806,0.027534547666815415,0.015327313307018604,0.019538031447306405,0.1116650953289552,0.00821325229909695,0.024142274471579732,0.040616295630125414,0.0062480194862308625,0.00906394324132236,0.09220888820723759,0.009170717316033784,0.06505620576349593,0.015142289808500957,0.009138420051173404,0.017852235911841395,0.11929128351556594,0.06478608463747855,0.02200708382169222],"wildhockey":[0.08849039348498072,0.0021346275065228,0.0013435760629726102,5.929341221556925E-4,0.003098643626807303,0.028985746972721778,0.008101567873797566,0.029253199575152104,0.14798087311282532,3.4484897884433336E-4,0.11983824996790642,0.0016276929616883115,0.015162183482137118,0.001736684866882239,0.0018612693397334493,0.08736900619154536,0.0011150188580477372,0.030790337439373934,0.0333520452077107,0.001323616138960552,3.776659966066987E-4,0.14065530288720413,7.3238533023523E-4,0.018141370453145778,0.002035113472077533,8.934780667466775E-4,0.003247801458047426,0.1262700520029967,0.10118394461122318,0.0019603699509514096],"winnipegjets":[0.08720543570575764,0.005116512133337563,0.18186697265853335,0.0010722261230799396,0.0021888851519287883,0.010610588818146971,0.006880360226826825,0.02878522723146785,0.1720977013886555,9.160823197373398E-4,9.343007585556043E-4,0.0018926267184994812,0.012980829382799316,0.0021171883964511183,0.003553273478626465,0.08995157156253579,0.0010597481563611795,0.01781066878583709,0.0381777241779094,7.006054207523275E-4,8.98988520223978E-4,0.12618500495699336,0.0013992910425896928,0.017547534618213897,0.0013873158018650295,0.0011366019405076218,0.002881385520899093,0.13107037761945048,0.04912983137065001,0.00244514001280783],"losangeleskings":[0.09157179431960351,0.0011186090915217117,7.479249836085318E-4,0.0010736211809153282,0.001945928031764937,0.003488541503016026,0.014006450244985546,0.023312667023974196,0.16155280842761963,5.112247460574564E-4,7.653110819684666E-4,6.064197049700478E-4,0.02805044122575194,0.0014677175796531455,0.003539850575987421,0.08612712838625823,0.13260056373969792,0.05086485055377594,0.024782318852923403,0.0015115019046757037,9.92640284611864E-4,0.1554902043850038,0.0010597137354884923,0.022786680500192513,8.236974189436257E-4,6.504726525919538E-4,0.0015313613929708654,0.1362883114757586,0.047880362710687505,0.002850882285022204],"stlouisblues":[0.10537915443924278,0.0019121601801930354,0.0016336151862667442,0.0021681359817030737,0.0030094984132623456,0.01916825550661409,0.014315466893313438,0.03097041705839311,0.14927646251936844,0.002011572392369091,0.0010628027544671902,0.12388192687931956,0.016657313962182282,0.0012345992059481646,0.0027527846415516207,0.1018830591623155,3.51183627768846E-4,0.030399315593597483,0.03244523044496363,0.0017176720850613479,5.525020060561193E-4,0.15771191426281853,5.816788870071599E-4,0.023897373646425968,0.0017934814110276223,5.847895461282277E-4,0.004782518952529655,0.12664768307034607,0.038209577373215314,0.0030078539165435004],"hawks":[0.10027700733290243,0.002444590449790749,0.0018332949346994568,5.767000201219416E-4,0.15732462193269967,0.03579649298725019,0.010697556369155049,0.028692449593943813,0.13824852457260564,8.535199625896015E-4,5.565846533706511E-4,0.0011568768728534358,0.0178317207524192,8.176328602236383E-4,0.006932672382263911,0.09079679715231417,0.0018311983377185517,0.026313957528518728,0.052808300956888224,0.00200194607773046,7.623660327117056E-4,0.11970896733001332,0.0011028941886845663,0.03221939298982936,0.0011684326028352262,0.0021354571355660366,0.0039693784228155265,0.13706336486879955,0.02279760318400793,0.0012796975146776176],"penguins":[0.07981696802669681,0.0033483759457331275,0.0012728643476562537,9.121994877950218E-4,0.001545932478547417,0.022166020705024363,0.008203512888718978,0.083888540110546,0.12458304541278457,0.13061131185864885,0.0010408435037211434,0.0013048197729075028,0.01747531725917937,0.0012383540094590285,0.0038900501432494235,0.08199182190634328,5.863203250061884E-4,0.029060294390923017,0.05026366592636705,0.0024178923061286346,2.382120956438237E-4,0.11184563008676028,0.0012856435907835796,0.019315921886001758,5.638440795470152E-4,0.0021823290028448955,0.004416256392894046,0.15160555471125786,0.061539784876430456,0.0013886724724009457],