{"detroitlions":[0.01741134465481345,0.013011058183014932,0.005899255662493716,0.009977862349867656,0.010128753964730586,0.03511469998990893,0.06762344351476093,0.008194148580431682,0.009554694932256868,0.09300045029585804,0.021919139415003976,0.029904270379061924,0.004849405053438599,0.06091656057927147,0.11789367836512771,0.025058706499733113,0.008221748429799626,0.10531129617555428,0.04948793377838905,0.004284162529283447,0.035701585807471105,0.05370019217139463,0.042185342518071156,0.0074014623317910375,0.003319678093557315,0.051662303661901304,0.020869896790478154,0.0062909245480071195,0.03397882410186197,0.047127176642666566],"nfl":[0.025230124904374897,0.03548541122077992,0.019117137165770303,0.014570172034407051,0.018520845048119714,0.026465858496309676,0.06764988834182693,0.008686265917625063,0.02519012642310613,0.045136423721587854,0.05085252941294848,0.03422276708969572,0.013770713648144604,0.043917383704480444,0.008470324506788602,0.039084467826915964,0.008910373325281561,0.08871833600107559,0.05880284645364972,0.013174382826240626,0.03979703373583188,0.06246897322150636,0.040804706798646354,0.011466387335826287,0.01133674164905234,0.038137653282819844,0.04254253228170065,0.011408752966106337,0.02934487008235506,0.0667159705770258],"eagles":[0.02096724283532248,0.011524893415238775,0.10209989988381783,0.005032541316220098,0.004991287277939103,0.04231723819345811,0.040198647972704435,0.008958177516502805,0.006905573516625724,0.0829223392228435,0.03578964076870091,0.004783009027961065,0.004938699711914914,0.056765194906924735,0.006697071197286273,0.02649066925482149,0.003787090935016625,0.10068750326116392,0.05126410596999798,0.020839237355922455,0.05777072204051246,0.08959983220287837,0.03708455367874702,0.008857044266540697,0.008454248852726266,0.05230582461726894,0.026528520499548777,0.004056315271963306,0.03415095237230503,0.0432319226571261],"minnesotavikings":[0.014576737675619058,0.015336688758366475,0.005476003469215279,0.009335630204964912,0.008785987429068378,0.04880364913679542,0.07233901666646228,0.02117750213717388,0.00684256959010731,0.03960903229612817,0.030187823364769575,0.02949987260838515,0.0055831615512965645,0.06295365390049819,0.006169120481025595,0.02701809909990512,0.013926838404798504,0.09581952218663807,0.055071389731883226,0.0060563328750217246,0.05153674335180943,0.07946598073431684,0.05207365422896044,0.005359063446850717,0.005268490701512601,0.028460607828423325,0.02676765101771139,0.10259971726507629,0.03406499848115445,0.039834461376062544],"miamidolphins":[0.012778629034002903,0.017738558022514492,0.014566149803437707,0.00940472074650328,0.00614932361267415,0.04861744197034905,0.047913694971200266,0.010150570600110117,0.012903056285635593,0.07460075996526573,0.025241666997962493,0.004415095544496173,0.005860523014706039,0.05111612664456618,0.005891073673215305,0.02665403463851109,0.00483142006403367,0.1120724751119904,0.04422759635316624,0.016808657022346706,0.05824011189474845,0.09495884758444069,0.045873874972963,0.005869592250889087,0.08935542750689297,0.043181872219103384,0.023756062006681945,0.004369363869136446,0.04570881397332283,0.03674445964513371],"oaklandraiders":[0.0211724660596102,0.01539961164289612,0.0029894506803593967,0.008009720326336074,0.009010381439607832,0.03936227437582957,0.05897280712028731,0.0268534530414941,0.009468199118819224,0.04675439053531182,0.036878136052129605,0.005397426381260063,0.010026898530777048,0.06165456822101652,0.007303369437797672,0.02201564848834072,0.11714770028150974,0.10378497234256896,0.041172111693631726,0.005088547020953312,0.040184287407793895,0.09751534871555848,0.05295890188679661,0.006956107711819475,0.00906850626897644,0.04186666425030138,0.018316497280394948,0.010724061225563051,0.04386002126654266,0.030087471195716642],"nyjets":[0.015392439670584516,0.014512901718456428,0.005744346112988585,0.004165857509578696,0.006661614809692225,0.05343162566518014,0.0572495185868983,0.010538239236371585,0.01627790752054721,0.06678029584596412,0.04311070342756734,0.004765980271555361,0.006940992612021539,0.04866434799081271,0.004159547214181814,0.02248985962347772,0.01037087088581876,0.096394861615107,0.04523543569544273,0.00801257094685465,0.05833303724609738,0.08450156891705442,0.046883333657960914,0.008310348606521589,0.10530400068434918,0.05197527098484088,0.025497535522442563,0.0048476872295794985,0.03710969867545069,0.03633760151660135],"49ers":[0.015410556910130421,0.018723327264429695,0.005817634831662576,0.008008548175934799,0.008175791941288877,0.03149755357713075,0.03145424965930525,0.009861951244828587,0.00583489236746901,0.0967457794641711,0.032883125113446245,0.004240024576806453,0.004205135453779986,0.040740769084304664,0.0064702098525800415,0.019714077110308273,0.007854760913114803,0.1047504205841279,0.05508517024606189,0.007273280257047183,0.04465588321009057,0.07126352019735832,0.035112972614930175,0.13853315027707613,0.004147478936822967,0.07019547789361615,0.02113149378639783,0.004041891593088385,0.03522451357554586,0.060946359287145445],"bengals":[0.016814241277269437,0.019811841365333437,0.005953226981539787,0.0095545900383497,0.006823784905953628,0.060633590195359785,0.06543768884141538,0.013083100265802615,0.010169657310195548,0.037648155116571234,0.028538469889800192,0.008102661845625327,0.10796272649664035,0.10868629459540533,0.0055016852565845965,0.021008995183971858,0.008957041692642186,0.12583436968275144,0.053128166213896606,0.0059552243158801435,0.03377273719392138,0.046234033222404276,0.049234732831176777,0.0045139231925915655,0.007409757389037581,0.022812108986389093,0.018725811522108834,0.007103708506120354,0.05302302842188429,0.037564647263377784],"cowboys":[0.0471977364270497,0.019386818816368594,0.008621974898014039,0.009115574427103087,0.0050107800983214676,0.04941967057014986,0.05393453813648371,0.005973935311531319,0.006037361040904602,0.06966763664016627,0.021706219611316326,0.004705657600775156,0.010402902260615549,0.0468908340139418,0.005498320453425,0.021786975992077743,0.005561791436673378,0.1186001743249412,0.057088705192962386,0.10883487842140803,0.040344715154541154,0.0706899411150862,0.046121779683029177,0.006086498613500691,0.006487993060862672,0.05394544716954533,0.016947119374922617,0.004719963733838303,0.03271439359336347,0.04649966282708143],"buccaneers":[0.019313429057321304,0.018930910947466073,0.10202954037646124,0.010351121258437105,0.006436199110549348,0.04186729409309558,0.07290228157951116,0.015575710046312117,0.005027397774081655,0.05534845203611378,0.033030128181308946,0.0033805071040041825,0.00393497782432686,0.041205916608472094,0.005196253450645424,0.02785724016179928,0.005599080349331731,0.10256873711054908,0.036833431779834155,0.008950705753659888,0.04633119170919341,0.11343222955054409,0.05054578629524832,0.007297406297851321,0.0037420234074179172,0.05566498123936165,0.032348213397271654,0.00544938602702354,0.02980929876099381,0.039040168711813344],"falcons":[0.00940920393262382,0.018313683836677457,0.009348326392143417,0.013573350030108454,0.010577543997524785,0.05677987053278746,0.08252995113303402,0.008707057160820103,0.006862073056836814,0.09714843214553494,0.03304775897050072,0.007082427046446855,0.006224847535542849,0.05065857849849352,0.0074607574508606025,0.0245515496099216,0.005400238926371016,0.09244786584138863,0.031964195779903636,0.008511594625165162,0.05690467190536935,0.1391709242779604,0.05143958131577925,0.014948662313446085,0.003817824584455349,0.03164777050037267,0.023807533288179916,0.012606164272334417,0.05331884022667485,0.031738720812741934],